video_id,title,description,published_at,tags,duration_sec,is_short,view_count,like_count,comment_count,thumbnail_url,video_url
l5Mouc1Re8M,¿Cómo resetear tu gráfica?,"¿Cómo resetear tu gráfica?

Te traemos este truco para resetear los drivers de la gráfica y poder volver a la partida tal como estabas.

Es sencillo: pulsa Ctrl+Windows+Shift+B y lo tienes.",2026-05-21 18:56:39+00:00,,29,True,6371,355,7,https://i.ytimg.com/vi/l5Mouc1Re8M/maxresdefault.jpg,https://www.youtube.com/watch?v=l5Mouc1Re8M
RRhYW45gJNM,"No es un mueble, son las nuevas cajas de ordenador en tendencia.","No es un mueble, son las nuevas cajas de ordenador en tendencia.

¿Cansado de cajas acristaladas con RGB? Si te gusta algo más sobrio y en tendencia, échale un ojo a todas estas, porque con ellas no fallas.

¿Tienes pensado cambiar de caja pronto? ¿Te pondrías una de estas?

Te leemos.",2026-05-19 18:46:15+00:00,,60,True,8840,487,8,https://i.ytimg.com/vi/RRhYW45gJNM/maxresdefault.jpg,https://www.youtube.com/watch?v=RRhYW45gJNM
2s8KgYcDwG8,No sabemos qué hacer con el canal...,"Las mejores ofertas: https://epical-q.com/

¿Y si esta vez el vídeo lo decidieras tú?
En el sector del gaming y la informática está todo más visto que el TBO: mismas reviews, mismas promos, mismos vídeos clónicos y el mismo contenido reciclado de siempre.

Así que hemos parado un momento, nos hemos sentado a pensar y hemos llegado a una conclusión bastante simple:
si vosotros sois los que veis el canal, también deberíais decidir qué queréis ver en él.

En este vídeo te contamos varias ideas loca",2026-05-17 18:49:55+00:00,,1877,False,10627,1184,274,https://i.ytimg.com/vi/2s8KgYcDwG8/maxresdefault.jpg,https://www.youtube.com/watch?v=2s8KgYcDwG8
ZPPW5De2PAM,Puedes encender tu PC con el móvil y no lo sabías,Puedes encender tu PC con el móvil y no lo sabías,2026-05-12 19:01:09+00:00,,46,True,22436,1133,61,https://i.ytimg.com/vi/ZPPW5De2PAM/maxresdefault.jpg,https://www.youtube.com/watch?v=ZPPW5De2PAM
rF8jxRiNqr8,Tierlist Cajas de PC - Mejores Gabinetes para Ordenador Gaming 2026,"Las mejores ofertas: https://epical-q.com/

Las cajas de PC son muchísimo más importantes de lo que parece.
Y sí: una mala caja puede convertir un PC de alta gama en una auténtica estufa con thermal throttling, ruido, mal flujo de aire y componentes trabajando peor de lo que deberían.

En este vídeo nos metemos de lleno en un tier list de cajas de PC con un montón de modelos que he montado, probado o tenido delante: cajas baratas, peceras, doble cámara, triple cámara, cajas premium, cajas microA",2026-05-10 20:36:17+00:00,,3456,False,14686,844,167,https://i.ytimg.com/vi/rF8jxRiNqr8/maxresdefault.jpg,https://www.youtube.com/watch?v=rF8jxRiNqr8
HTdl67eUwUA,¿Qué cosas hacen que tu PC pierda la garantía?,"¿Qué cosas hacen que tu PC pierda la garantía?

No hagas estas cosas que te vigilamos...",2026-05-05 18:44:29+00:00,,60,True,58063,2571,51,https://i.ytimg.com/vi/HTdl67eUwUA/maxresdefault.jpg,https://www.youtube.com/watch?v=HTdl67eUwUA
U9Q1iXFlLZs,¿Qué PCs gaming usan en Epical-Q?,"¿Qué PCs gaming usan en Epical-Q?

Y sobre todo a que juegan nuestros máquinas con esas bestias.",2026-05-03 18:39:02+00:00,,60,True,340730,12662,403,https://i.ytimg.com/vi/U9Q1iXFlLZs/maxresdefault.jpg,https://www.youtube.com/watch?v=U9Q1iXFlLZs
OYoFSe56Oic,El Día a Día en una Fábrica de PCs Gaming en España,"Si te gusta la informática y quieres saber cuál es el recorrido que hacen un montón de componentes hasta que acaban en un ordenador, te vamos a explicar desde dentro la historia de Epical-Q. 
Te mostramos cada departamento y te explicamos los entresijos de la empresa que está conquistando tu corazón.

Y si quieres una buena silla Usa el código y disfruta de un 5% de descuento exclusivo
E3PRO:
Enlace del producto a la web oficial: https://bit.ly/3PTp525
 code: E3WPEPIC
Enlace del producto de Amaz",2026-05-03 17:45:00+00:00,"informatica, hardware, tutoriales, ram, gaming pc build",734,False,28024,1790,121,https://i.ytimg.com/vi/OYoFSe56Oic/maxresdefault.jpg,https://www.youtube.com/watch?v=OYoFSe56Oic
hC4EG6ovF2I,Gráficas de Pc Gaming en Bulk,"Gráficas de Pc Gaming en Bulk

¿Cuánto crees que vale una caja de estas?

A ver si alguien acierta en los comentarios",2026-04-28 18:28:43+00:00,,52,True,202761,10514,184,https://i.ytimg.com/vi/hC4EG6ovF2I/maxresdefault.jpg,https://www.youtube.com/watch?v=hC4EG6ovF2I
8-WWEAPwQyM,PC Roto por el POLVO,"PC Roto por el POLVO

¿Qué piensas tú? Tiene garantía este PC o mejor no

El polvo acumulado durante años puede hacer que tu ordenador deje de funcionar como ha ocurrido con este.

Te recomendamos que de vez en cuando le hagas una limpieza para no llegar a este extremo.",2026-04-26 18:26:10+00:00,,66,False,15871,924,27,https://i.ytimg.com/vi/8-WWEAPwQyM/maxresdefault.jpg,https://www.youtube.com/watch?v=8-WWEAPwQyM
8FmhL1u20kM,Tengo 100.000€ en PCs encima de la mesa… y no son para jugar,"Las mejores ofertas: https://epical-q.com/

¿Te imaginas tener 100.000€ en PCs encima de una mesa? Pues justo eso es lo que enseñamos hoy. 😈
En este vídeo te enseñamos 3 ordenadores profesionales brutales que hemos montado para empresa y que no tienen nada que ver con el típico PC gaming con lucecitas.

Hablamos de máquinas para:
audiovisual multipantalla
streaming y captura profesional
IA, LLM y computación
virtualización
workstations enterprise extremas

Vas a ver desde un equipo de 30.000€, p",2026-04-26 18:00:00+00:00,,705,False,33709,1420,109,https://i.ytimg.com/vi/8FmhL1u20kM/maxresdefault.jpg,https://www.youtube.com/watch?v=8FmhL1u20kM
EPz7kBTrPRo,RAM en TRAY,"Somos montadores, a nosotros no nos viene en las mismas cajitas que vosotros las RAMs.

¿Cuánto crees que hay aquí en dinero?",2026-04-21 18:31:54+00:00,,46,True,67091,3470,24,https://i.ytimg.com/vi/EPz7kBTrPRo/maxresdefault.jpg,https://www.youtube.com/watch?v=EPz7kBTrPRo
tdZkr9BxXnU,Cuidado con las gangas en RAM.,Cuidado con las gangas en RAM.,2026-04-19 18:39:13+00:00,,92,False,39291,782,8,https://i.ytimg.com/vi/tdZkr9BxXnU/maxresdefault.jpg,https://www.youtube.com/watch?v=tdZkr9BxXnU
EXMCS_UP7xY,Todo Sobre Cajas de PC - Elige tu Gabinete Según Componentes,"Las mejores ofertas: https://epical-q.com/

¿No paras de ver cajas, gabinetes y setups espectaculares pero no tienes claro cuál te conviene de verdad? Entonces este vídeo te interesa. 😈
Hoy hacemos una guía sencilla y sin humo sobre tipos de cajas para PC: qué formato necesitas, qué caja tiene sentido según el ordenador que vayas a montar y en qué casos estás tirando el dinero por pura estética.


En este vídeo repasamos:
diferencias entre formatos de placa,
cajas básicas monocámara,
cajas gamin",2026-04-19 18:00:00+00:00,,925,False,13542,1037,117,https://i.ytimg.com/vi/EXMCS_UP7xY/maxresdefault.jpg,https://www.youtube.com/watch?v=EXMCS_UP7xY
p7i8VurQE2M,Anecdotas de PCs gaming con Expediente X,Anecdotas de PCs gaming con Expediente X,2026-04-14 18:19:58+00:00,,67,False,28350,2029,16,https://i.ytimg.com/vi/p7i8VurQE2M/maxresdefault.jpg,https://www.youtube.com/watch?v=p7i8VurQE2M
XhG0J45xGZ0,Historias de Informático para Mear y no Echar Gota,"Las mejores ofertas: https://epical-q.com/

Si has trabajado en soporte técnico, reparación de PCs o simplemente has sido “el informático” de tu familia… este vídeo te va a tocar el alma. 😈
Hoy inauguramos una nueva serie: Expedientes Karen, una recopilación de historias reales, incidencias absurdas y momentos surrealistas del soporte remoto informático.


👇 Pregunta seria:
¿Quieres más vídeos de Expedientes Karen?
Y si tú has trabajado de técnico, soporte, tienda de informática o algo parecido…",2026-04-12 17:30:00+00:00,,989,False,19747,1526,134,https://i.ytimg.com/vi/XhG0J45xGZ0/maxresdefault.jpg,https://www.youtube.com/watch?v=XhG0J45xGZ0
-_uyQ30WVDE,Tierlist de tarjetas gráficas para PCs Gaming,Tierlist de tarjetas gráficas para PCs Gaming,2026-04-08 19:09:57+00:00,,136,False,234716,11600,482,https://i.ytimg.com/vi/-_uyQ30WVDE/maxresdefault.jpg,https://www.youtube.com/watch?v=-_uyQ30WVDE
yK8UnRA50Q4,¿Cuánto espacio de almacenamiento SSD necesitas en tu PC para no quedarte sin espacio?,"¿Cuánto espacio de almacenamiento SSD necesitas en tu PC para no quedarte sin espacio?

¿Utilizas el truco de los dos discos?",2026-04-05 18:42:35+00:00,,85,False,39462,2836,59,https://i.ytimg.com/vi/yK8UnRA50Q4/maxresdefault.jpg,https://www.youtube.com/watch?v=yK8UnRA50Q4
KAXHiW7zm1w,Cómo Mejorar tu PC Gaming con Poco Presupuesto - Upgrades,"Las mejores ofertas: https://epical-q.com/

¿Tienes un PC de 5, 6, 7, 8 o hasta 10 años y no te da la pasta para comprarte uno nuevo? Entonces este vídeo te interesa.
Con la crisis de la RAM, los discos por las nubes y los precios de los PCs nuevos completamente locos, hoy te contamos qué merece la pena mejorar en un ordenador antiguo y qué no, para que no tires el dinero.

En este vídeo hablamos de:
- Cuándo un PC ya no merece la pena tocarlo
- Por qué DDR3 ya está fuera de juego y desde dónde ",2026-04-05 18:00:00+00:00,,1241,False,15904,962,135,https://i.ytimg.com/vi/KAXHiW7zm1w/maxresdefault.jpg,https://www.youtube.com/watch?v=KAXHiW7zm1w
AJNiV33KbMA,Tierlist de CPUs Gaming,"Tierlist de CPUs con Raúl

Deja un icono de 💿 si sabes lo que es la Encarta.",2026-04-02 18:19:41+00:00,,147,False,156821,7220,366,https://i.ytimg.com/vi/AJNiV33KbMA/maxresdefault.jpg,https://www.youtube.com/watch?v=AJNiV33KbMA
tJbd1CtqPLY,7 Pecados Capitales del Gaming 👿,"Las mejores ofertas: https://epical-q.com/

¿Eras de los que ponían la mira al 10 y la skin más rata del Warzone para que no se te viera? Entonces tenemos que hablar. 😈
Hoy repasamos los 7 pecados capitales del gaming: desde el hype y los preorders (sí, Cyberpunk, te miro a ti), hasta la biblioteca de Steam con 700 juegos que no has instalado ni 10… pasando por el pay to win, el colega que no aprende mecánicas y solo copia el meta, la toxicidad, el stream sniping y el elitismo gamer que te dice ",2026-03-29 18:38:42+00:00,,398,False,10907,986,81,https://i.ytimg.com/vi/tJbd1CtqPLY/maxresdefault.jpg,https://www.youtube.com/watch?v=tJbd1CtqPLY
2aER4xLuIfs,¿Qué significan las siglas en los procesadores?,"¿Qué significan las siglas en los procesadores?
Te lo explicamos y si te queda alguna duda escríbenos en comentarios.

Saludos.",2026-03-29 18:35:53+00:00,,60,True,160406,6651,98,https://i.ytimg.com/vi/2aER4xLuIfs/maxresdefault.jpg,https://www.youtube.com/watch?v=2aER4xLuIfs
VNineqQHbVw,¿Procesador con o sin Disipador?,"¿Procesador con o sin Disipador?

Pues como siempre Raúl te los explica. Y si tienes un PC Gaming atento al final",2026-03-25 18:48:12+00:00,,60,True,222305,9318,91,https://i.ytimg.com/vi/VNineqQHbVw/maxresdefault.jpg,https://www.youtube.com/watch?v=VNineqQHbVw
AqdAPTNt9ec,"¡El Hardware se HUNDE, la RAM Baja pero Habrá REBOTE! | Noticias PC","Las mejores ofertas en gaming: https://epical-q.com/

Ñiñiñi… ¡CHAN CHAN! Vuelve EPICAL NEWS con Antonio “Chaleco” para repasar lo más calentito del mes en hardware, precios y cacharreo: RAM, SSD, gráficas, DLSS 5, rumores de RTX 5050, el momento raruno de NVIDIA, y por qué Intel Core Ultra empieza a oler mejor que hace un año.

Y si quieres una buena silla Usa el código y disfruta de un 5% de descuento exclusivo:
Enlace del producto a la web oficial: https://bit.ly/3PTp525  code: E3WPEPIC
Enlac",2026-03-22 21:55:53+00:00,,993,False,11516,832,70,https://i.ytimg.com/vi/AqdAPTNt9ec/maxresdefault.jpg,https://www.youtube.com/watch?v=AqdAPTNt9ec
KbEXduntaTI,¿Conocías los procesadores en TRAY?,"¿Conocías los procesadores en TRAY?

Los procesadores en tray on CPUs vendidas a granel directamente a fabricantes, sin empaque comercial, disipador de calor ni ventilador, ideales para ensambladores de equipos.

 Ofrecen el mismo rendimiento y características técnicas que un procesador en caja",2026-03-22 19:54:29+00:00,,54,True,853171,35751,387,https://i.ytimg.com/vi/KbEXduntaTI/maxresdefault.jpg,https://www.youtube.com/watch?v=KbEXduntaTI
UDm6nPfK2vA,¿Cómo proteger tu PC cuando lo transportes?,"¿Cómo proteger tu PC cuando lo transportes?

Raúl te lo enseña para que no te pase como a este pobre desgraciado",2026-03-18 19:15:18+00:00,,60,True,45565,1658,21,https://i.ytimg.com/vi/UDm6nPfK2vA/maxresdefault.jpg,https://www.youtube.com/watch?v=UDm6nPfK2vA
nA8k7c-XgCE,Elimina Dolor de Espalda y Cuello - Con Experto Fisio,"Las mejores ofertas en gaming aquí: https://epical-q.com/

¿Te duele la espalda, el cuello o la muñeca después de teletrabajar, jugar o estar 8 horas delante del PC? En este vídeo viene Iginio (fisioterapeuta) a contarte qué hacer y qué NO hacer para evitar lo típico: cervicalgia, trapecios cargados, lumbalgia y túnel carpiano.

Y si quieres una buena silla Usa el código y disfruta de un 5% de descuento exclusivo:

Enlace del producto a la web oficial: https://bit.ly/3P04poX  código: EPICAL
Enla",2026-03-15 19:33:45+00:00,,857,False,3271,302,29,https://i.ytimg.com/vi/nA8k7c-XgCE/maxresdefault.jpg,https://www.youtube.com/watch?v=nA8k7c-XgCE
iIHFz--eNKk,¿Cuál es el Pc más caro que hemos montado esta semana?,"¿Cuál es el Pc más caro que hemos montado esta semana?

Josemi te lo enseña",2026-03-15 19:12:54+00:00,,36,True,131316,4033,179,https://i.ytimg.com/vi/iIHFz--eNKk/maxresdefault.jpg,https://www.youtube.com/watch?v=iIHFz--eNKk
HEgkac44y6s,Mitos de la informática Parte 3,"Mitos de la informática Parte 3

No nos los inventamos, nos los dicen y nos quedamos igual que tú.",2026-03-10 19:25:19+00:00,,42,True,66398,2996,85,https://i.ytimg.com/vi/HEgkac44y6s/maxresdefault.jpg,https://www.youtube.com/watch?v=HEgkac44y6s
pQg1pAy3WDs,Siempre compra 2 monitores gaming para un balanceo equilibrado,"Este fallo tan básico puede destrozar tu espalda.

Siempre compra 2 monitores gaming para un balanceo equilibrado.",2026-03-08 19:13:17+00:00,,20,True,14599,587,15,https://i.ytimg.com/vi/pQg1pAy3WDs/maxresdefault.jpg,https://www.youtube.com/watch?v=pQg1pAy3WDs
UthA29Cxmco,"Contenido y 3D: Nuevas IA, Hardware y Grandes Cambios (con Ángel Avilés)","Si necesitas un PC para crear contenido, trabajar o jugar, las mejores ofertas gaminga: https://epical-q.com/

Canales de Ángel:
https://www.youtube.com/@angelaviles.studio
https://www.youtube.com/@3dparasubnormales

La IA está cambiando el mundo del 3D, los VFX y la creación de contenido: lo que antes requería un “bicharraco” con GPUs brutales y RAM salvaje, hoy muchas veces se resuelve con IA en la nube… o con IA en local si tienes VRAM de verdad.

00:00 – IA y VFX: cómo está cambiando TODO 
0",2026-03-08 18:30:00+00:00,,3265,False,6781,369,23,https://i.ytimg.com/vi/UthA29Cxmco/maxresdefault.jpg,https://www.youtube.com/watch?v=UthA29Cxmco
9UQazua_DZg,3000€ Predator Gold 192GB CL26,"Vaya piezas nos trae Raúl para negociar con Josemi

Predator Gold 192GB CL26

Una joya hoy en día

¿Llegarán a un acuerdo?",2026-03-04 19:00:45+00:00,,54,True,11893,358,20,https://i.ytimg.com/vi/9UQazua_DZg/maxresdefault.jpg,https://www.youtube.com/watch?v=9UQazua_DZg
tXbk63TA05A,Mejores Configuraciones Según tu Presupuesto - Ordenador Gaming y Trabajo,"Os dejamos listado de PCs mencionados en el vídeo (algunos no son exactos). Recuerda que si quieres clavarlo 100% a tu caso lo vemos por WhatsApp: 665 91 46 65

PC Básico 650€ - https://epical-q.com/producto/epical-q-fluxer-amd-ryzen-5-5500-16gb-500gb-ssd-nvme-rtx-3050-6gb-windows-11-pro/

PC Básico+ 750€ - https://epical-q.com/producto/epical-q-little-jenk-amd-ryzen-5-5600-16gb-500gb-ssd-nvme-rtx-3050-windows-11-pro/
PC Estándar 1.100€ - https://epical-q.com/producto/epical-q-neblox-amd-ryzen-5",2026-03-03 18:30:00+00:00,,1432,False,29268,1346,83,https://i.ytimg.com/vi/tXbk63TA05A/maxresdefault.jpg,https://www.youtube.com/watch?v=tXbk63TA05A
CndncGFbA8k,Hay que llevar cuidado y ayudar a los compañeros,Hay que llevar cuidado y ayudar a los compañeros,2026-03-01 20:17:23+00:00,,22,True,17573,405,9,https://i.ytimg.com/vi/CndncGFbA8k/maxresdefault.jpg,https://www.youtube.com/watch?v=CndncGFbA8k
SvPNhwBVaDc,¿Esto o esto? Version PC Gaming,"¿Esto o esto? Version PC Gaming

¿Habríais elegido lo mismo?

Nosotros no nos atrevemos a decirle nada :/",2026-02-25 18:50:07+00:00,,52,True,52580,1420,175,https://i.ytimg.com/vi/SvPNhwBVaDc/maxresdefault.jpg,https://www.youtube.com/watch?v=SvPNhwBVaDc
H2QU4p8f16U,Cómo Formatear tu PC e Instalar Windows 11 de Forma CORRECTA,"Las mejores ofertas en gaming aquí: https://epical-q.com/

Guía 100% práctica para reinstalar Windows 11 desde cero cuando el PC va lento, una actualización lo rompe o el sistema ya “arrastra mierda” de años. Raúl explica qué métodos NO recomienda (restablecer, puntos de restauración) y por qué suelen fallar en Windows 11, y se centra en el método destructivo y fiable: USB booteable + instalación limpia. Paso a paso: descargar ISO oficial, crear USB con Rufus (saltando requisitos y la obligación",2026-02-22 19:00:00+00:00,,2119,False,26101,1569,122,https://i.ytimg.com/vi/H2QU4p8f16U/maxresdefault.jpg,https://www.youtube.com/watch?v=H2QU4p8f16U
azJwUirB5h0,Jugando al impostor con el equipo Epical. Del 0 al 10,"Jugando al impostor con el equipo Epical. Del 0 al 10
¿Cómo de 0 lo hacen?",2026-02-22 18:52:48+00:00,,86,False,20468,660,6,https://i.ytimg.com/vi/azJwUirB5h0/maxresdefault.jpg,https://www.youtube.com/watch?v=azJwUirB5h0
HSnWpHGm8is,¿Todos los ordenadores son ruidosos? Mira este PC silencioso,"¿Todos los ordenadores son ruidosos?

Josemi nos lo cuenta hoy en este vídeo

Y es que existen gamas de ordenadores silenciosos como las Be Quiet
(No es promo) solo os intentamos traer todas las posibilidades que tenemos para que las conozcáis.

¿Y tu PC hace mucho ruido?",2026-02-15 19:33:12+00:00,,43,True,77537,2834,66,https://i.ytimg.com/vi/HSnWpHGm8is/maxresdefault.jpg,https://www.youtube.com/watch?v=HSnWpHGm8is
ezmHCyZvUb8,"Guía RAM: Están Montando Malas Unidades (CL, Velocidad, Compatibilidades y +)","Las mejores ofertas en gaming aquí: https://epical-q.com/

Nuevo Testamento de la RAM (2026): qué está pasando con la crisis de precios, por qué el año nuevo chino y el pánico comprador aprietan el stock, cómo ha bajado la “calidad media” (CL más altos incluso en PCs top), y guía clara para elegir RAM hoy: CL (latencia), frecuencia real (MT/s), XMP/EXPO/DOCP, y por qué 2 módulos (Dual Channel) casi siempre rinden y dan menos guerra que 1 o 4. Entra el “melón” de los módulos no binarios (24/48GB)",2026-02-15 19:28:12+00:00,,1174,False,15683,971,89,https://i.ytimg.com/vi/ezmHCyZvUb8/maxresdefault.jpg,https://www.youtube.com/watch?v=ezmHCyZvUb8
RSYAZUDuS9w,Lo de la RAM se está poniendo duro...,Lo de la RAM se está poniendo duro...,2026-02-10 19:43:32+00:00,,18,True,207554,5488,174,https://i.ytimg.com/vi/RSYAZUDuS9w/maxresdefault.jpg,https://www.youtube.com/watch?v=RSYAZUDuS9w
XngA9B3LoQg,Suben Fuentes de Alimentación y Cajas - Noticias en Hardware -  Epical News  1,"Las mejores ofertas en gaming aquí: https://epical-q.com/

Epical News: panorama real del PC en 2026. ¿Por qué no hay 5060 Ti? Subidón de precios (RAM, SSD, GPUs), retirada del “soporte” de precios en NVIDIA*, cuándo conviene AMD vs NVIDIA, rumor del “revival” RTX 3060, fiabilidad real por marcas (datos de campo), lanzamiento 9850X3D y del 9950X3D2. Además: ¿compra inteligente ahora? Premontados y portátiles pueden salir mejor por stock “viejo”.

*fuentes de la noticia del msrp de nvidia:
https:",2026-02-09 20:12:22+00:00,,1330,False,13464,913,133,https://i.ytimg.com/vi/XngA9B3LoQg/maxresdefault.jpg,https://www.youtube.com/watch?v=XngA9B3LoQg
4Ys4CD0qmmA,¿Por qué se ponen tantos ventiladores en los PCs de hoy en día?,¿Por qué se ponen tantos ventiladores en los PCs de hoy en día?,2026-02-08 19:42:33+00:00,,59,True,148968,5692,148,https://i.ytimg.com/vi/4Ys4CD0qmmA/maxresdefault.jpg,https://www.youtube.com/watch?v=4Ys4CD0qmmA
scoafP6xobk,La RAM mas preciada y buscada ahora mismo,"La RAM mas preciada y buscada ahora mismo

Siempre estamos dandole follón a Josemi...

Pero es que nos tiene guardadas una piezas...",2026-02-04 19:09:46+00:00,,39,True,37071,1266,38,https://i.ytimg.com/vi/scoafP6xobk/maxresdefault.jpg,https://www.youtube.com/watch?v=scoafP6xobk
qJNzYdpfHPE,El PC más caro que tenemos... es un server.,"El PC más caro que tenemos... es un server.

Tremenda Bestia acabamos de montar para un cliente.

¿Crees que esto movería el Fornite?",2026-02-01 19:33:41+00:00,,58,True,294017,10789,190,https://i.ytimg.com/vi/qJNzYdpfHPE/maxresdefault.jpg,https://www.youtube.com/watch?v=qJNzYdpfHPE
QpdimldScd8,¿Cuanta RAM necesitas para Jugar? - Test con Juegos en 2026,"Las mejores ofertas en gaming aquí: https://epical-q.com/

Prueba real de cuánta RAM necesitas para jugar en 2026: medimos 8/16/32/64 GB en DDR5 con y sin Dual Channel y con XMP activado, viendo FPS, estabilidad y sensación de juego en Fortnite, CS, Borderlands y Arc Raiders. Conclusión clara: capacidad sí, pero configuración (dual + XMP) manda. Te dejamos mínimos recomendados y errores típicos a evitar.

Resumen rápido:
• 8 GB: solo jugar “a pelo”. Inestable si abres algo más.
• 16 GB (Dual+XMP",2026-02-01 18:30:00+00:00,,846,False,28297,1752,250,https://i.ytimg.com/vi/QpdimldScd8/maxresdefault.jpg,https://www.youtube.com/watch?v=QpdimldScd8
36nOxx5vVpA,¿Tu INTERNET va LENTO? 🐢,"¿Tu INTERNET va LENTO? 🐢

¡Deja de sufrir con el lag!
Aquí tienes 3 trucos rápidos (y uno secreto para expertos 🤫) para mejorar tu conexión WiFi al instante.

1️⃣ Dale espacio a tu router.
2️⃣ Pásate a la red 5GHz.
3️⃣ ¿Lejos? Usa repetidores o PLC.
 EXTRA: Activa el QoS (Quality of Service) si sois muchos en casa.

¿Conocías el último truco? 👇 Te leemos en comentarios.",2026-01-27 18:44:08+00:00,,60,True,14374,526,9,https://i.ytimg.com/vi/36nOxx5vVpA/maxresdefault.jpg,https://www.youtube.com/watch?v=36nOxx5vVpA
0z1jAxq2TDs,Mejores Monitores para Gaming de 2026,"Las mejores ofertas en gaming aquí: https://epical-q.com/

Guía clara para elegir monitor gaming en 2026: marcas fiables, cómo saber qué panel te conviene (VA/IPS/OLED), qué resolución te renta según tu perfil (competitivo, casual o sibarita), cuántos Hz necesitas de verdad, errores comunes (ghosting, fugas de luz, input-lag), conexiones a exigir (HDMI 2.1 / DP), y modelos recomendados… con lista de “NO comprar”.

00:00 – Intro: por qué este vídeo
00:01:25 – Marcas top y “según modelo”
00:03:40 ",2026-01-25 21:57:32+00:00,,1553,False,140838,5802,591,https://i.ytimg.com/vi/0z1jAxq2TDs/maxresdefault.jpg,https://www.youtube.com/watch?v=0z1jAxq2TDs
HtaLhBwf4eQ,¿Cómo debemos actualizar correctamente los drivers de mi ordenador?,"¿Cómo debemos actualizar correctamente los drivers de mi ordenador?

Si tienes fallos con los drivers y crees que necesitas actualizar aquí tienes la mejor forma.",2026-01-20 19:13:05+00:00,,52,True,10956,457,12,https://i.ytimg.com/vi/HtaLhBwf4eQ/maxresdefault.jpg,https://www.youtube.com/watch?v=HtaLhBwf4eQ
Zbf-UyaygT4,Mejores Discos M2 para Gaming 2026 - Tierlist Calidad Precio SSD NVMe,"Las mejores ofertas en gaming aquí: https://epical-q.com/

Guía directa para elegir SSD M.2 NVMe en 2026: diferencias reales entre PCIe 3.0/4.0/5.0, velocidades útiles, qué mirar en controlador + DRAM, marcas/modelos fiables, precios €/TB, y cuándo NO compensa pagar por 5.0. Además, cómo afectan las líneas PCIe y cuándo usar disipador para evitar thermal throttling. Cierra con lista corta de recomendados y consejos de compra claros.

00:00 – Intro: guía SSD M.2 NVMe
00:00:34 – Qué es NVMe M.2
00",2026-01-18 19:00:00+00:00,,1084,False,30326,1580,173,https://i.ytimg.com/vi/Zbf-UyaygT4/maxresdefault.jpg,https://www.youtube.com/watch?v=Zbf-UyaygT4
ktvshIVMspM,¿Te falta espacio en el PC? Tu ordenador te está engañando.,"¿Te falta espacio en el PC? Tu ordenador te está engañando.

Hay muchos programas que no te aparece pero que están ocupando espacio en tu ordenador.

Mira como puedes borrarlos para conseguir más almacenamiento.",2026-01-18 18:47:45+00:00,,27,True,26549,1497,14,https://i.ytimg.com/vi/ktvshIVMspM/maxresdefault.jpg,https://www.youtube.com/watch?v=ktvshIVMspM
4f2A_PGKsYA,Ya está disponible el DLSS 4.5,"⚠️ Se Recomienda solo en Gama 4000 y 5000 de Nvidia
En la gama 2000 y 3000 puede bajar el rendimiento

Ya está disponible el DLSS 4.5 y puedes conseguir algunos FPS gratis para jugar a partir de ahora.

Te dejamos el tutorial para que sepas donde tienes que darle.

¿Lo has activado ya?",2026-01-13 18:44:24+00:00,,43,True,15659,703,25,https://i.ytimg.com/vi/4f2A_PGKsYA/maxresdefault.jpg,https://www.youtube.com/watch?v=4f2A_PGKsYA
9dEg59e8DA8,Memorias de Portatil para Pc Gaming,"Las Memorias RAMs están bien caras, pero... ¿Todas?

Mira este truco que están utilizando algunos para ahorrarse unos Euros, aunque para nada te lo recomendamos.

¿Te lo has planteado?",2026-01-11 20:09:49+00:00,,52,True,20436,701,27,https://i.ytimg.com/vi/9dEg59e8DA8/maxresdefault.jpg,https://www.youtube.com/watch?v=9dEg59e8DA8
4mjU04Ms--A,"Las Catástrofes del Gaming, ¿el PEOR año?","Las mejores ofertas en gaming aquí: https://epical-q.com/

Recap crudo de 2025 en informática/IT: año nefasto para el usuario y para el sector. Serie RTX 50 con pocas luces y precios altos mientras AMD (RX 9070 XT) da mejor calidad/precio. La crisis de la RAM aprieta (y arrastrará a GPUs y SSD), y Windows 11 ha dado la brasa con updates que rompen cosas. La IA vuela… pero encarece el consumo y deja un reguero de despidos en creativos y tech. Saltos generacionales reales: flojos para lo que cuest",2026-01-11 20:04:01+00:00,,509,False,8554,640,102,https://i.ytimg.com/vi/4mjU04Ms--A/maxresdefault.jpg,https://www.youtube.com/watch?v=4mjU04Ms--A
yu-oDXzKd0Y,Aquí tienes unas ideítas de regalos para gamers,"Si no te ha gustado lo que te han traído los reyes o tienes pensado cambiar algo.

Aquí tienes unas ideítas de regalos para gamers",2026-01-06 20:08:05+00:00,,60,True,17023,872,19,https://i.ytimg.com/vi/yu-oDXzKd0Y/maxresdefault.jpg,https://www.youtube.com/watch?v=yu-oDXzKd0Y
-BZDe2uHeho,Regalos Para un Gamer Según Presupuesto (mucho RGB),"Las mejores ofertas en gaming aquí: https://epical-q.com/

¿Buscas regalos para gamers por presupuesto? Aquí te dejamos nuestros favoritos según el presupuesto que tengas. Mádale este vídeo a tus padres, amigo, familia o persona que te tenga que regalar algo. Ah y recuerda salir un rato de tu habitación esta navidad.

Os dejamos los enlaces de todo:
🔴 Menos de 50
Calcetines gaming: https://amzn.to/49cv204
Luz en tira led de Action: https://www.action.com/es-es/p/3218224/tira-led-universal-para-g",2026-01-05 18:20:01+00:00,,978,False,7774,584,51,https://i.ytimg.com/vi/-BZDe2uHeho/maxresdefault.jpg,https://www.youtube.com/watch?v=-BZDe2uHeho
IDuxazkBOGg,Esta Refrigeración Líquida de Pc Vale más que una Moto,"Esta Refrigeración Líquida Custom para tu Pc Gaming puede llegar a valer más que una moto, como esta que te enseñamos aquí.

La cuestión es que no hace falta irse a algo tan TOP ya que tenemos en el mercado cosas con precios más asequibles.

Esta refrigeración es del canal de BroCooling así que pásate por allí si te gustan estas obras de ingeniería.",2025-12-30 19:52:11+00:00,,60,True,9648,347,20,https://i.ytimg.com/vi/IDuxazkBOGg/maxresdefault.jpg,https://www.youtube.com/watch?v=IDuxazkBOGg
yfWkAh4T5-U,"Consigue más Rendimiento y FPS en tu Nuevo PC Optimizando Así (BIOS, Win11, Drivers)","Las mejores ofertas en gaming aquí: https://epical-q.com/

¿Tu PC va lento aunque sea nuevo? Te enseño trucos seguros y efectivos para acelerar Windows 10/11 sin romper nada: limpia el arranque (programas de inicio que sobran), olvídate de “limpiadores de registro” tipo CCleaner (Microsoft no los recomienda), actualiza con cabeza (parches de seguridad sí; las 24H2/25H2 cuando estén estables), cuándo actualizar drivers (GPU) y cuándo NO tocar la BIOS, y el uso correcto de antivirus (Defender vs. ",2025-12-28 20:01:49+00:00,,609,False,20277,1478,138,https://i.ytimg.com/vi/yfWkAh4T5-U/maxresdefault.jpg,https://www.youtube.com/watch?v=yfWkAh4T5-U
1JOWDJ0Regg,Imagina que pudieras montar el Pc Gaming que quisieras sin tener que pensar en el presupuesto.,"Imagina que pudieras montar el Pc Gaming que quisieras sin tener que pensar en el presupuesto.
Esta es la opción que ha elegido @raaulsalguero , buena bestia pero...

¿Cuánto crees que puede llegar a costar? ¿Cambiarías algo?",2025-12-28 19:13:55+00:00,,45,True,14309,458,63,https://i.ytimg.com/vi/1JOWDJ0Regg/maxresdefault.jpg,https://www.youtube.com/watch?v=1JOWDJ0Regg
LH6uqVmz35c,Los Jacks en una placa base se utilizan de esta manera.,Los Jacks en una placa base se utilizan de esta manera.,2025-12-21 19:52:46+00:00,,60,True,10899,463,11,https://i.ytimg.com/vi/LH6uqVmz35c/maxresdefault.jpg,https://www.youtube.com/watch?v=LH6uqVmz35c
Jt_PkKK2vzc,La Verdad de la RAM Contada por un Fabricante de PCs,"Las mejores ofertas en gaming aquí: https://epical-q.com/

Crisis de memoria RAM explicada sin humo (y desde dentro). Te contamos por qué los kits DDR5 se han puesto por las nubes: tres fabricantes de chip (Samsung, SK Hynix, Micron), líneas movidas a HBM para IA, menos DDR5/NAND para consumo y un “efecto dominó” que ya encarece SSD y GPU. Hablamos de stock volando, pedidos cancelados, subidas reales (kits de 32 GB que han pasado de 120 € a 300–400 €), y cómo te afecta al montar o actualizar tu ",2025-12-21 19:00:30+00:00,,1340,False,77940,3706,669,https://i.ytimg.com/vi/Jt_PkKK2vzc/maxresdefault.jpg,https://www.youtube.com/watch?v=Jt_PkKK2vzc
ZliZY9Sy8Ho,PCIe 3.0 vs 4.0: El ERROR que puede costarte caro al montar tu PC,PCIe 3.0 vs 4.0: El ERROR que puede costarte caro al montar tu PC - No cometas este fallo al elegir placa base,2025-12-16 18:34:22+00:00,,38,True,19016,788,24,https://i.ytimg.com/vi/ZliZY9Sy8Ho/maxresdefault.jpg,https://www.youtube.com/watch?v=ZliZY9Sy8Ho
xGa8wM8wOVk,La Caja Gaming que lo Cambia Todo (-10 Grados) | Test Corsair 5400,"Nuestros equipos montados de Corsair: https://epical-q.com/pc-powered-by-corsair-icue/

En este vídeo comparamos cajas y gabinetes de PC de doble cámara y triple cámara, analizando el nuevo diseño de Corsair y su impacto real en temperaturas, airflow y refrigeración líquida. Probamos ambos sistemas con los mismos componentes de alta gama y tests de estrés para ver si la caja de triple cámara marca de verdad la diferencia. Ideal si estás pensando en montar un PC gaming o entusiasta y buscas la me",2025-12-14 19:00:00+00:00,,845,False,29434,1444,173,https://i.ytimg.com/vi/xGa8wM8wOVk/maxresdefault.jpg,https://www.youtube.com/watch?v=xGa8wM8wOVk
A9aEemVNOcw,¿Es una buena compra el PC de IlloJuan?,"¿Es una buena compra el PC de IlloJuan?

Aquí te desgranamos los componentes y su coste, por supuesto que te lo construya @nategentile7 no tiene precio, pero si tu quieras montarlo aquí tienes los precios.

¿Qué te parece?",2025-12-10 18:57:07+00:00,,60,True,20249,532,35,https://i.ytimg.com/vi/A9aEemVNOcw/maxresdefault.jpg,https://www.youtube.com/watch?v=A9aEemVNOcw
SVYi1dyidjA,Las refrigeraciones líquidas custom consiguen bajar aún mas la temperatura,"Las refrigeraciones líquidas custom consiguen bajar aún mas la temperatura.

¿Las conocías? En los últimos años hemos visto como las refrigeraciones liquidas se han convertido casi en el estándar en cualquier montaje de PC, pero hoy vamos aún más lejos. 

Las líquidas customizadas a mano han venido para quedarse y cada día hacemos más.

¿Que piensas sobre ellas? Te leemos",2025-12-07 19:51:00+00:00,,47,True,14303,478,24,https://i.ytimg.com/vi/SVYi1dyidjA/maxresdefault.jpg,https://www.youtube.com/watch?v=SVYi1dyidjA
osCnvS7C7rs,Toda la RAM del mundo está en este PC - Jugando con un PC Profesional,"Las mejores ofertas en gaming aquí: https://epical-q.com/

Hoy ponemos a prueba una workstation de 20.000 € para ver si “corre Fortnite” y compañía. Monta AMD Threadripper Pro 9965WX, 384 GB de RAM y NVIDIA RTX 6000 Blackwell (96 GB VRAM) con PCIe 5.0 x16 y fuente FSP 1650 W Platinum. Benchmarks reales (Cinebench 2024), juegos (Fortnite UE5 con DLSS + Ray Tracing, CS2, Borderlands 4, Among Us) y métricas de FPS, uso de CPU/GPU y consumo. ¿Conclusión? La potencia sin optimización no sirve para ga",2025-12-07 19:00:50+00:00,,571,False,53015,1886,143,https://i.ytimg.com/vi/osCnvS7C7rs/maxresdefault.jpg,https://www.youtube.com/watch?v=osCnvS7C7rs
FCIQvtXRDg8,¿Sabías que no todos los cables USB-C son iguales?,"¿Sabías que no todos los cables USB-C son iguales?

Anda no seas como Raúl y mírate este video.",2025-12-03 20:07:21+00:00,,41,True,19497,1145,10,https://i.ytimg.com/vi/FCIQvtXRDg8/maxresdefault.jpg,https://www.youtube.com/watch?v=FCIQvtXRDg8
fAnqrwcMBwM,"La IA nos ha vuelto Tontos, no seas Borrego","Las mejores ofertas en gaming aquí: https://epical-q.com/

¿Te están metiendo IA hasta en la tostadora? Aquí te cuento cuándo la IA suma de verdad (productividad, creatividad, automatización) y cuándo es puro humo que solo encarece, invade tu privacidad o ralentiza tu PC. Revisamos Copilot (Windows), Gemini (Google), Meta AI y ChatGPT, con ejemplos reales, riesgos (datos, dependencia cognitiva, consumo de recursos) y 6 reglas de uso responsable —incluida la opción de IA local si manejas informac",2025-11-30 19:30:09+00:00,,439,False,6670,545,39,https://i.ytimg.com/vi/fAnqrwcMBwM/maxresdefault.jpg,https://www.youtube.com/watch?v=fAnqrwcMBwM
BN-8BEMuAlk,Aplicaciones para controlar los RGB de tu PC,"Aplicaciones para controlar los RGB de tu PC

Si estás cansado de tener 500 aplicaciones para cambiar los RGB de tu pc atento a esta que es la definitiva",2025-11-25 19:18:57+00:00,,23,True,18294,891,22,https://i.ytimg.com/vi/BN-8BEMuAlk/maxresdefault.jpg,https://www.youtube.com/watch?v=BN-8BEMuAlk
oLUYL9KMOTQ,¿Por qué tantos colores en los puertos USB?,"¿Por qué tantos colores en los puertos USB?

¿Conectas cada periférico donde debe?

Mira este video y ya no se te olvidará",2025-11-23 19:24:05+00:00,,60,True,10581,514,7,https://i.ytimg.com/vi/oLUYL9KMOTQ/maxresdefault.jpg,https://www.youtube.com/watch?v=oLUYL9KMOTQ
-bmUV9Q41ZY,"El Fin de Windows 10, ¿Actualizar al 11?","Las mejores ofertas en gaming aquí: https://epical-q.com/

Windows 10 ya no tiene soporte y Windows 11 viene cargadito de “sorpresas”. En este vídeo te cuento, sin dramas pero con humor, qué riesgos reales tiene seguir en Windows 10 (seguridad, compatibilidad de software) y qué problemas están dando las últimas actualizaciones de Windows 11. Además, te doy un plan claro para no romper nada: cuándo actualizar, qué desactivar, cómo hacer copias de seguridad y cómo evitar los fallos más comunes has",2025-11-23 19:00:01+00:00,,705,False,25014,1517,274,https://i.ytimg.com/vi/-bmUV9Q41ZY/maxresdefault.jpg,https://www.youtube.com/watch?v=-bmUV9Q41ZY
DzCMUGUbizo,Gráficas de PC VS Gráficas de portátil,Gráficas de PC VS Gráficas de portátil,2025-11-19 20:10:03+00:00,,59,True,10961,443,17,https://i.ytimg.com/vi/DzCMUGUbizo/maxresdefault.jpg,https://www.youtube.com/watch?v=DzCMUGUbizo
lHQowpfRtsA,Si tu PC va lento y quieres saber qué le ocurre con esta herramienta no fallarás,Si tu PC va lento y quieres saber qué le ocurre con esta herramienta no fallarás y podrás ver todo,2025-11-16 20:21:03+00:00,,60,True,79935,4682,52,https://i.ytimg.com/vi/lHQowpfRtsA/maxresdefault.jpg,https://www.youtube.com/watch?v=lHQowpfRtsA
89_fz_lIq_M,"Mejor Resolución para Jugar (HD, FHD, QHD, UHD)","Las mejores ofertas en gaming aquí: https://epical-q.com/

¿1080p, 1440p (mal llamado 2K), 4K u 8K? En este vídeo te explico, sin humo, qué resolución te conviene para jugar o trabajar, cómo afecta al rendimiento (FPS/Hz), y qué tamaños y distancias se ven realmente bien. Verás el “sweet spot” actual, cuándo compensa subir a 4K y por qué 8K todavía no es práctico para gaming.

00:00 — Resoluciones de pantalla y por qué importan para gaming
00:00:37 — 720p vs 1080p (Full HD)
00:02:44 — 1440p / “2",2025-11-16 19:00:14+00:00,,565,False,28925,2011,224,https://i.ytimg.com/vi/89_fz_lIq_M/maxresdefault.jpg,https://www.youtube.com/watch?v=89_fz_lIq_M
9pB-Yad5lao,Si al actualizar tu tarjeta gráfica deja de funcionar puede que estés cometiendo este fallo.,"Si al actualizar tu tarjeta gráfica deja de funcionar puede que estés cometiendo este fallo.

La fuente de alimentación da energía a todo tu pc gaming, la cosa es que quizá no es capaz de soportar tu nueva gráfica.

Para ello te ayudamos a calcular cual necesitarías para mover esa bestia que te has comprado.",2025-11-12 20:21:56+00:00,,50,True,15097,838,17,https://i.ytimg.com/vi/9pB-Yad5lao/maxresdefault.jpg,https://www.youtube.com/watch?v=9pB-Yad5lao
FpCAlMOPQvA,¿Has tenido problemas con los puertos USB de tu PC?,"¿Has tenido problemas con los puertos USB de tu PC?

Te explicamos que es lo que sucede.",2025-11-09 19:30:34+00:00,,44,True,22732,821,16,https://i.ytimg.com/vi/FpCAlMOPQvA/maxresdefault.jpg,https://www.youtube.com/watch?v=FpCAlMOPQvA
g0gS-IAZhxs,9 Trucos para Comprar Hardware en BF sin que te TIMEN :S,"Hacemos los mejores ordenadores pre montados con 3 años de garantía, nuestras ofertas aquí: https://epical-q.com/

BLACK FRIDAY: te van a intentar timar (y lo sabes). En este vídeo te explico cómo aprovechar descuentos reales en tecnología y gaming (PCs, portátiles, gráficas, periféricos, electrónica) y cómo evitar las trampas típicas: subidas previas de precio, “-70%” imposibles, contadores falsos, “quedan 3 unidades”, portátiles con i7 de hace 7 generaciones, etc.

Además, te cuento cuándo com",2025-11-09 19:00:41+00:00,,568,False,15245,1220,102,https://i.ytimg.com/vi/g0gS-IAZhxs/maxresdefault.jpg,https://www.youtube.com/watch?v=g0gS-IAZhxs
eQlgYQ_4WLs,Si tu ordenador gaming te va con tirones o lag quédate porque esta aplicación te va a ir genial.,"Si tu ordenador gaming te va con tirones o lag quédate porque esta aplicación te va a ir genial.

MSI Afterburner es un programa gratuito de control y monitorización para tarjetas gráficas que permite a los usuarios optimizar el rendimiento de su hardware.

¿Lo utilizas?",2025-11-04 20:23:19+00:00,,35,True,16246,819,35,https://i.ytimg.com/vi/eQlgYQ_4WLs/maxresdefault.jpg,https://www.youtube.com/watch?v=eQlgYQ_4WLs
J8N0NpV0Kpo,¿Sabes la diferencia entre el Vsync y el G-sync para jugar con tu pc gaming?,"¿Sabes la diferencia entre el Vsync y el G-sync para jugar con tu pc gaming?

VSync es una opción de software.
Sincroniza los FPS de tu tarjeta gráfica con la frecuencia de tu monitor para evitar el screen tearing (esa línea molesta cuando la imagen se “rompe”).
Pero puede causar input lag o caídas de rendimiento si tu GPU no mantiene el ritmo.

G-Sync (NVIDIA) y FreeSync (AMD) son tecnologías de hardware.
Ajustan dinámicamente la frecuencia del monitor según los FPS reales.
Resultado: imagen fl",2025-11-02 19:59:03+00:00,,52,True,16886,633,21,https://i.ytimg.com/vi/J8N0NpV0Kpo/maxresdefault.jpg,https://www.youtube.com/watch?v=J8N0NpV0Kpo
B_9Qy5T8kIk,"Montamos un Servidor de 96TB: RAID, TRUE NAS, N8N","Los mejores ordenadores y ofertas aquí: https://epical-q.com/

Hoy continuamos con el montaje de nuestro de servidores en local y las diferentes formas de RAID que podemos montarlo.

Recuerda, que si tienes un proyecto contacta con nosotros y vemos como podemos hacerlo realidad.

#minipc #nas #truenas #localserver",2025-11-02 18:45:03+00:00,,968,False,9125,600,56,https://i.ytimg.com/vi/B_9Qy5T8kIk/maxresdefault.jpg,https://www.youtube.com/watch?v=B_9Qy5T8kIk
ykOGsw45who,¿Qué sabemos hasta ahora de la serie SUPER de NVIDIA?,"¿Qué sabemos hasta ahora de la serie SUPER de NVIDIA?

Pues Raúl te lo cuenta para que veas que esperarse quizá no es la mejor opción ahora mismo.

Vendrán actualizadas estas tarjetas graficas de Nvidia si pero tocará esperar aún un poco.",2025-10-29 19:28:08+00:00,,57,True,17591,626,13,https://i.ytimg.com/vi/ykOGsw45who/maxresdefault.jpg,https://www.youtube.com/watch?v=ykOGsw45who
6JYl5T4GobM,Cuello de Botella Explicado para PC (son los padres),"Las mejores ofertas en ordenadores: https://epical-q.com/

¿Un i3 con una RTX 4090? ¿Tiene sentido?
En este vídeo te explico qué es el cuello de botella de forma práctica (no con “calculadoras mágicas”), cómo afecta según la resolución (1080p, 1440p, 4K) y cómo emparejar CPU y GPU para evitar desperdiciar dinero y rendimiento. Vemos casos reales (CPU limita GPU y al revés), errores típicos que también estrangulan el equipo (PCIe 3.0 en placas antiguas, HDD vs SSD/M.2, RAM insuficiente, fuente ju",2025-10-26 19:30:01+00:00,,743,False,42027,2536,302,https://i.ytimg.com/vi/6JYl5T4GobM/maxresdefault.jpg,https://www.youtube.com/watch?v=6JYl5T4GobM
NxccReMUJQs,"¿Has oído hablar de los Pcs sin RGB, crees que comenzará a ser una nueva moda?","¿Has oído hablar de los Pcs sin RGB, crees que comenzará a ser una nueva moda?

Raúl nos da su opinión pero queremos saber la vuestra

Vota aquí abajo en los comentarios",2025-10-26 19:08:40+00:00,,59,True,72387,4236,347,https://i.ytimg.com/vi/NxccReMUJQs/maxresdefault.jpg,https://www.youtube.com/watch?v=NxccReMUJQs
7Aou6VAEwKc,Mitos sobre ordenadores parte 2,"Mitos sobre ordenadores parte 2

Cuidado que hoy sale hasta el Jefe...

¿Nos hemos dejado alguno?",2025-10-21 18:21:49+00:00,,38,True,1496301,58423,379,https://i.ytimg.com/vi/7Aou6VAEwKc/maxresdefault.jpg,https://www.youtube.com/watch?v=7Aou6VAEwKc
Ao2fQIAAoeg,¿No sabes lo que es el VSYNC?,"¿No sabes lo que es el VSYNC?
Sirve para sincronizar la velocidad de fotogramas (FPS) de un juego con la frecuencia de actualización de tu monitor. Es decir que aunque pueda correr el juego a más FPS siempre lo va a limitar a los hercios máximos de tu pantalla.",2025-10-19 18:32:44+00:00,,58,True,15745,546,21,https://i.ytimg.com/vi/Ao2fQIAAoeg/maxresdefault.jpg,https://www.youtube.com/watch?v=Ao2fQIAAoeg
gHXqem5GLBs,Como montar Teclado Mecánico Custom + Historias de RMA,"Los mejores ordenadores y ofertas aquí: https://epical-q.com/

¿Quieres montar tu propio teclado mecánico custom sin experiencia? En este vídeo ensamblamos un kit hot-swap paso a paso: switches, keycaps, PCB, chasis de aluminio, y conectividad Bluetooth / 2.4G / USB-C, con RGB. Te contamos errores típicos, qué tener en cuenta al elegir switches (lineales/táctiles/clicky), cómo encajar keycaps, y truquitos como espuma/foam para mejorar el sonido y la sensación.
Además, compartimos anécdotas diver",2025-10-19 18:30:17+00:00,,1214,False,6771,485,49,https://i.ytimg.com/vi/gHXqem5GLBs/maxresdefault.jpg,https://www.youtube.com/watch?v=gHXqem5GLBs
yLbQ2NkP4hM,"Mitos sobre ordenadores, puedes tirar tus cactus","Mitos sobre ordenadores, puedes tirar tus cactus

¿Has escuchado alguna vez uno de estos? ¿Cuál es el más disparatado?

Dinos más en los comentarios.",2025-10-14 18:41:33+00:00,,32,True,1250252,39083,427,https://i.ytimg.com/vi/yLbQ2NkP4hM/maxresdefault.jpg,https://www.youtube.com/watch?v=yLbQ2NkP4hM
5z-dU4Bs4RQ,400€ de pisapapeles en su PC Gaming por no llevar cuidado.,"400€ de pisapapeles en su PC Gaming por no llevar cuidado.

Antes de hacer estas cosas contáctanos que tenemos el mejor servicio de antención al cliente de España.",2025-10-12 18:23:22+00:00,,34,True,26240,689,47,https://i.ytimg.com/vi/5z-dU4Bs4RQ/maxresdefault.jpg,https://www.youtube.com/watch?v=5z-dU4Bs4RQ
EtJp87JfWEA,La DISCOTECA con PCs Gaming,"Si piensas que nunca verías un ordenador gaming en una discoteca estás muy equivocado.

Los ordenadores potentes no se usan solo para jugar si no que el ámbito profesional cada vez más los utiliza para proyectos como este.

Muchas gracias a AlterEgo Murcia por dejarnos grabar en sus instalaciones y por participar en este vídeo.

#pcgaming #ordenadores #nvidia #intel #ryzen",2025-10-05 19:04:14+00:00,,361,False,5710,432,31,https://i.ytimg.com/vi/EtJp87JfWEA/maxresdefault.jpg,https://www.youtube.com/watch?v=EtJp87JfWEA
IiGVSYasjlo,Depende de a que resolución quieras jugar con tu ordenador gaming debes usar una tarjeta gráfica u o,"Depende de a que resolución quieras jugar con tu ordenador gaming debes usar una tarjeta gráfica u otra.

Aquí te contamos todo para que no falles.

1080p - RTX 5060
2K - RTX 5070
4K - RTX 5080
Si te sobra la pasta - RTX 5090

¿Pon en los comentarios cuál tienes tú?",2025-10-05 18:41:07+00:00,,60,True,799551,38441,1162,https://i.ytimg.com/vi/IiGVSYasjlo/maxresdefault.jpg,https://www.youtube.com/watch?v=IiGVSYasjlo
a29r8W_Q5Vc,¿Has oído hablar del cuello de botella?,"¿Has oído hablar del cuello de botella?
Qué opinión tienes sobre él

Nuestros Raules te cuentan su punto de vista",2025-09-30 18:35:32+00:00,,60,True,41960,1710,37,https://i.ytimg.com/vi/a29r8W_Q5Vc/maxresdefault.jpg,https://www.youtube.com/watch?v=a29r8W_Q5Vc
wBhuXgPWVM8,Mejores Sillas para Oficina y Jugar - Ergonómicas vs Gaming,"Los mejores ordenadores y ofertas aquí: https://epical-q.com/

Hoy te contamos todo lo que sé sobre sillas tanto para jugar o trabajar.

Como en muchos casos, lo barato acaba saliendo caro.

Aunque en esto de las sillas cada persona es un mundo, ¿cual usas tú y qué te costó?

00:00 – Qué silla comprar (oficina vs gaming)
01:20 – Silla Ergonómica vs Gaming:
03:00 – Ergonómicas – Gama baja
04:45 – Ergonómicas – Gama media
07:00 – Ergonómicas – Gama alta
08:30 – Gaming – Gamas y marcas
10:00 – Top ",2025-09-28 18:00:51+00:00,,770,False,61975,2189,225,https://i.ytimg.com/vi/wBhuXgPWVM8/maxresdefault.jpg,https://www.youtube.com/watch?v=wBhuXgPWVM8
yOtcMTgbgoc,¿Qué te parece la moda de poner las tarjetas gráficas de esta manera?,"¿Qué te parece la moda de poner las tarjetas gráficas de esta manera?

¿Tu lo pondrías de esta manera?",2025-09-23 18:38:18+00:00,,60,True,141604,5694,178,https://i.ytimg.com/vi/yOtcMTgbgoc/maxresdefault.jpg,https://www.youtube.com/watch?v=yOtcMTgbgoc
mSmMxqV0lko,Así funciona el RMA (No Comprarás un PC a PIEZAS Más),"Los mejores ordenadores y ofertas aquí: https://epical-q.com/

Sí amigo, montar un PC a piezas no es tan dificil...

Hasta que pasa algo.

Hoy te cuento como funciona el RMA con los fabricantes y porqué un ordenador premontado puede quitarte muchos dolores de cabeza.

Recuerda, que si tienes un proyecto contacta con nosotros y vemos como podemos hacerlo realidad.

#pcgaming #ordenadores #premontado #nvidia #intel #ryzen",2025-09-21 20:41:20+00:00,,839,False,47793,2669,291,https://i.ytimg.com/vi/mSmMxqV0lko/maxresdefault.jpg,https://www.youtube.com/watch?v=mSmMxqV0lko
AoNLI8Wql34,¿Demasiadas opciones a la hora de comprar un Router WIFI?,"¿Demasiadas opciones a la hora de comprar un Router WIFI?

¿Te ayudamos a elegir el que mejor sea para ti?",2025-09-21 18:43:18+00:00,,60,True,17811,672,8,https://i.ytimg.com/vi/AoNLI8Wql34/maxresdefault.jpg,https://www.youtube.com/watch?v=AoNLI8Wql34
8KTR9bvv9s8,Con esta herramienta podrás ver en 3D como quedaría tu Pc Gaming,"Con esta herramienta podrás ver en 3D como quedaría tu Pc Gaming

¿La has utilizado? Mándanos lo que estés pensado crear y te pasamos presupuesto.",2025-09-16 18:54:07+00:00,,57,True,28587,2322,7,https://i.ytimg.com/vi/8KTR9bvv9s8/maxresdefault.jpg,https://www.youtube.com/watch?v=8KTR9bvv9s8
_Zm4TONhTqY,Cómo Crear un Servidor Local y NAS + Apps de IA,"Los mejores ordenadores y ofertas aquí: https://epical-q.com/

Hoy hablamos de servidores en local y las diferentes gamas que existen en mi opinión.

Recuerda, que si tienes un proyecto contacta con nosotros y vemos como podemos hacerlo realidad.

#minipc #nas #truenas #n8n #localserver",2025-09-14 21:23:59+00:00,,770,False,11586,698,33,https://i.ytimg.com/vi/_Zm4TONhTqY/maxresdefault.jpg,https://www.youtube.com/watch?v=_Zm4TONhTqY
_IBxOOFoli4,Consejos para mantener tu Pc gaming fresquito y que no se caliente.,"Consejos para mantener tu Pc gaming fresquito y que no se caliente.

Siempre nos pedis que os ayudemos a bajar las temperaturas de tu ordenador gaming.

Aquí tienes los 3 mejores consejos después de muchos años construyendo ordenadores.",2025-09-11 18:30:20+00:00,,49,True,21796,761,9,https://i.ytimg.com/vi/_IBxOOFoli4/maxresdefault.jpg,https://www.youtube.com/watch?v=_IBxOOFoli4
-Ye4Xe73Dzo,Página secreta para generar imágenes con IA,"Página secreta para generar imágenes con IA

Conocías esta web. ¿Cuál utilizas tu?",2025-09-09 18:22:19+00:00,,60,True,22170,1121,13,https://i.ytimg.com/vi/-Ye4Xe73Dzo/maxresdefault.jpg,https://www.youtube.com/watch?v=-Ye4Xe73Dzo
ZD3zInyf_9g,Benchmarks: La Enfermedad del Hardware,"Los mejores ordenadores y ofertas aquí: https://epical-q.com/

Hoy me toca hablar de los benchmarks y las obsesión de algunos con temperaturas, rendimiento y demás...

Ni todo es tan bonito, ni tan feo, pero estoy cansado de hipocondriacos. ¿Tú qué opinas?

Recuerda, que si tienes un proyecto contacta con nosotros y vemos como podemos hacerlo realidad.

#gaming #harware #benchmarks #nvidia #intel #ryzen",2025-09-07 18:31:00+00:00,,701,False,21457,1576,142,https://i.ytimg.com/vi/ZD3zInyf_9g/maxresdefault.jpg,https://www.youtube.com/watch?v=ZD3zInyf_9g
F5Sx4JRPvyY,¿Un ordenador con cristal en el lado derecho?,"¿Un ordenador con cristal en el lado derecho?

Hoy te traemos un PC muy especial.

Cuéntanos que te parece",2025-09-07 18:23:27+00:00,,60,True,921420,28968,319,https://i.ytimg.com/vi/F5Sx4JRPvyY/maxresdefault.jpg,https://www.youtube.com/watch?v=F5Sx4JRPvyY
A7FpnSTWpHg,"Pc Gaming de 8000€, ¿lo comprarías?","Pc Gaming de 8000€, ¿lo comprarías?",2025-09-02 18:51:12+00:00,,51,True,99367,3089,241,https://i.ytimg.com/vi/A7FpnSTWpHg/maxresdefault.jpg,https://www.youtube.com/watch?v=A7FpnSTWpHg
i4GdqshL5kU,¿Que Pc Gaming comprar sin pensar en el presupuesto?,"¿Que Pc Gaming comprar sin pensar en el presupuesto?

Aquí tienes esta bestia con la que poder jugar a todo.

La cuestión es... ¿Cuánto crees que cuesta?",2025-08-31 19:11:21+00:00,,61,False,29069,1105,108,https://i.ytimg.com/vi/i4GdqshL5kU/maxresdefault.jpg,https://www.youtube.com/watch?v=i4GdqshL5kU
IfS6waca9u0,El Mejor Chipset para Gaming de Ryzen AM5 - A620 B850 X870,"Los mejores ordenadores y ofertas aquí: https://epical-q.com/

🔧 Guía definitiva de placas base AM5 en 2025
¿No sabes si elegir una A620, B850 o X870/X870E para tu nuevo PC con socket AM5? 🤯 En este vídeo te explico de forma clara y sencilla las diferencias entre chipsets, qué usos tiene cada uno y cuál es el punto dulce según tu presupuesto y necesidades (oficina, gaming o entusiasta).

Recuerda, que si tienes un proyecto contacta con nosotros y vemos como podemos hacerlo realidad.

00:00:00 — ",2025-08-31 18:00:13+00:00,,1276,False,82404,3011,328,https://i.ytimg.com/vi/IfS6waca9u0/maxresdefault.jpg,https://www.youtube.com/watch?v=IfS6waca9u0
flNkuQsEp18,Deja de ser un manco jugando a tus juegos favoritos,"Deja de ser un manco jugando a tus juegos favoritos con las configuraciones de los profesionales.

La web de la que te hablamos es liquipedia.net

¿Crees que con esto será suficiente? Os leemos",2025-08-28 19:04:49+00:00,,44,True,13347,757,10,https://i.ytimg.com/vi/flNkuQsEp18/maxresdefault.jpg,https://www.youtube.com/watch?v=flNkuQsEp18
BOCpOmIxzHo,PCI 5.0 para Discos M2 ¿Una nueva Revolución?,"PCI 5.0 para Discos M2 ¿Una nueva Revolución?

Te lo contamos en este vídeo",2025-08-26 18:33:24+00:00,,42,True,15354,530,17,https://i.ytimg.com/vi/BOCpOmIxzHo/maxresdefault.jpg,https://www.youtube.com/watch?v=BOCpOmIxzHo
TBpj_CX2Q0g,Las Mejores Marcas de Placas Base  - La Gran Olvidada,"Los mejores ordenadores y ofertas aquí: https://epical-q.com/

En este vídeo os contamos las mejores marcas de placas base en nuestra opinión. Después de montar miles de ordenadores y solucionar mucho RMA y roturas.

Recuerda, que si tienes un proyecto contacta con nosotros y vemos como podemos hacerlo realidad.

#placabase #placamadre #asus #msi #asrock",2025-08-24 19:16:41+00:00,,1157,False,65571,3056,283,https://i.ytimg.com/vi/TBpj_CX2Q0g/maxresdefault.jpg,https://www.youtube.com/watch?v=TBpj_CX2Q0g
E6Oz5zFgAsI,¿Se puede recuperar una gráfica brickeada?,"¿Se puede recuperar una gráfica brickeada?

Jorge ha vuelto a hacer de las suyas pero no hay nada que no pueda arreglar Epical Q",2025-08-21 18:48:53+00:00,,53,True,67835,2117,34,https://i.ytimg.com/vi/E6Oz5zFgAsI/maxresdefault.jpg,https://www.youtube.com/watch?v=E6Oz5zFgAsI
rGqq4FeUs7s,"El PC Tope de Gama con iCUE, pero ¿A Qué Precio?","Los mejores ordenadores y ofertas aquí: https://epical-q.com/

En este vídeo vemos un montaje lo más potente posible dentro de la plataforma de escritorio para un cliente que trabaja con renders.

Además lo montamos con cositas de #corsair para usar #iCUE

Si tienes un proyecto contacta con nosotros y vemos como podemos hacerlo realidad.

Te lo contamos en el vídeo, y recuerda dejar tu comentario abajo.

#rtx5090 #9950X #OrdenadorGaming #990PRO",2025-08-17 19:30:17+00:00,,838,False,49978,1553,122,https://i.ytimg.com/vi/rGqq4FeUs7s/maxresdefault.jpg,https://www.youtube.com/watch?v=rGqq4FeUs7s
4EY0fXKZB7o,Crea tu Propia IA en Local - Workstation con Gráficas ADA y Threadripper,"Los mejores ordenadores y ofertas aquí: https://epical-q.com/

En este vídeo vemos un montaje profesional para un cliente que va a usar aplicaciones de IA.

Recuerda que tenemos una línea para profesionales, montamos lo que necesites, desde servidores, máquinas con ADA, plataforma Threadripper...

Si tienes un proyecto contacta con nosotros y vemos como podemos hacerlo realidad.

Además nuestro compi Jorge os enseña como hacer deploy de aplcaciones de IA en local.

Te lo contamos en el vídeo, y ",2025-08-13 14:00:12+00:00,,457,False,20298,399,15,https://i.ytimg.com/vi/4EY0fXKZB7o/maxresdefault.jpg,https://www.youtube.com/watch?v=4EY0fXKZB7o
GUW3GyxmkWg,¿Teclados mecánicos a 5€? ¿Donde está el truco?,"¿Teclados mecánicos a 5€? ¿Dónde está el truco?

Te lo contamos en el vídeo de hoy, prepárate para la nostalgia",2025-08-12 18:39:16+00:00,,71,False,9570,374,8,https://i.ytimg.com/vi/GUW3GyxmkWg/maxresdefault.jpg,https://www.youtube.com/watch?v=GUW3GyxmkWg
S_GmE8MJt2k,Teclados mecánicas para gaming,"Teclados mecánicas para gaming

¿Qué tipos hay y cuál debes utilizar?",2025-08-07 18:43:30+00:00,,90,False,8164,310,12,https://i.ytimg.com/vi/S_GmE8MJt2k/maxresdefault.jpg,https://www.youtube.com/watch?v=S_GmE8MJt2k
emjC_cyev48,Mejores Gráficas para Gaming 2026 - Tierlist Calidad Precio GPUs,"Los mejores ordenadores y ofertas aquí: https://epical-q.com/

En este vídeo vemos las mejores gráficas para gaming según calidad precio.

Hablaremos tanto de las serie 5000 de nvidia como de las nuevas de AMD.

¿Qué es lo que nosotros compraríamos para montar un buen ordenador gaming?

Te lo contamos en el vídeo, y recuerda dejar tu comentario abajo.


#OrdenadorGaming #GPU #nvidia #amd #tarjetasgraficas",2025-08-03 18:30:49+00:00,,828,False,380619,13561,1306,https://i.ytimg.com/vi/emjC_cyev48/maxresdefault.jpg,https://www.youtube.com/watch?v=emjC_cyev48
L5mzcQk2g0w,¿Te da problemas tu ordenador? ¿Quieres hacer una forma de hacerle un chequeo rápido?,"¿Te da problemas tu ordenador? ¿Quieres hacer una forma de hacerle un chequeo rápido?

En este vídeo te enseñamos qué aplicaciones debes utilizar para poder revisar tus componentes.

¿Quieres que hagamos parte 2?",2025-07-29 18:28:43+00:00,,60,True,15348,916,12,https://i.ytimg.com/vi/L5mzcQk2g0w/maxresdefault.jpg,https://www.youtube.com/watch?v=L5mzcQk2g0w
a2eIgPImRLM,Mejores Procesadores para GAMING 2026 - Calidad Precio sin Tonterias,"Los mejores ordenadores y ofertas aquí: https://epical-q.com/

Aunque nos caíga hate, os dejamos los que son para nosotros los mejores procesadores calidad precio.
¿Tú qué opinas?


#OrdenadorGaming #CPU #intel #amd #ryzen #gaming",2025-07-27 20:11:18+00:00,,1104,False,113894,4603,475,https://i.ytimg.com/vi/a2eIgPImRLM/maxresdefault.jpg,https://www.youtube.com/watch?v=a2eIgPImRLM
1yU0JX-UP-g,Otro día de andanzas en Soporte en Epical-Q,Otro día de andanzas en Soporte en Epical-Q,2025-07-22 19:12:41+00:00,,47,True,25648,618,7,https://i.ytimg.com/vi/1yU0JX-UP-g/maxresdefault.jpg,https://www.youtube.com/watch?v=1yU0JX-UP-g
ev1JpZohwDM,¿Por qué todos los cristales de las cajas de ordenadores gamers están a la izquierda?,"¿Por qué todos los cristales de las cajas de ordenadores gamers están a la izquierda? 

Un día en nuestro día como informáticos, las preguntas que nos hacen en Epical-Q",2025-07-20 19:17:25+00:00,,37,True,504486,11498,237,https://i.ytimg.com/vi/ev1JpZohwDM/maxresdefault.jpg,https://www.youtube.com/watch?v=ev1JpZohwDM
MhLG50s2BWQ,Cuando vienen los de marketing,Tu empresa de confianza Epical-Q,2025-07-15 19:01:10+00:00,,60,True,28669,2015,13,https://i.ytimg.com/vi/MhLG50s2BWQ/maxresdefault.jpg,https://www.youtube.com/watch?v=MhLG50s2BWQ
CKwcvGWFOW0,¿Cuál es la rotura más común en una gráfica de ordenador?,"¿Cuál es la rotura más común en una gráfica de ordenador?

Te lo contamos en este vídeo con ejemplos concretos.

Si te gusta este contenido dale un like y coméntanos si te ha pasado alguno de estos.",2025-07-13 19:12:40+00:00,,60,True,124483,3737,83,https://i.ytimg.com/vi/CKwcvGWFOW0/maxresdefault.jpg,https://www.youtube.com/watch?v=CKwcvGWFOW0
bsUCtnUNGGc,Las Mentiras del Gaming - Gasta bien tu Dinero,"Los mejores ordenadores y ofertas aquí: https://epical-q.com/


🧠 ¿Qué pasa con el gaming y el humo que nos venden?

Hoy te cuento dónde debes invertir realmente tu presupuesto si quieres tener un buen ordenador.

Me caerá mucho hate pero tenía que contarlo....


¿Tú qué opinas?


#OrdenadorGaming #PCGamer #ordenadores #gamingcommunity #gamingsetup",2025-07-13 19:12:09+00:00,,472,False,174550,11123,1083,https://i.ytimg.com/vi/bsUCtnUNGGc/maxresdefault.jpg,https://www.youtube.com/watch?v=bsUCtnUNGGc
0E6c-ZdIoCc,¿Te pierdes con las distintas gamas dentro de una misma tarjeta gráfica?,"¿Te pierdes con las distintas gamas dentro de una misma tarjeta gráfica?
¿Quieres comprar una y no sabes cuál elegir?

Aprende con nosotros a que se debe y cuales son las diferencias.",2025-07-09 18:48:29+00:00,,60,True,599153,21774,333,https://i.ytimg.com/vi/0E6c-ZdIoCc/maxresdefault.jpg,https://www.youtube.com/watch?v=0E6c-ZdIoCc
q1QXZIpqc6Y,Esta pequeña pieza puede salvar tu tarjeta gráfica de romperse.,"Esta pequeña pieza puede salvar tu tarjeta gráfica de romperse.

Si tienes en tu configuración una tarjeta con un tamaño considerable te recomendamos utilizar este pequeño soporte para protegerla en los movimientos de la caja y del peso.",2025-07-06 18:46:41+00:00,,41,True,91602,2487,85,https://i.ytimg.com/vi/q1QXZIpqc6Y/maxresdefault.jpg,https://www.youtube.com/watch?v=q1QXZIpqc6Y
gLluMO__0ZA,Nuevos Intel ULTRA - ¿Mejor que AMD?,"Los mejores ordenadores y ofertas aquí: https://epical-q.com/

Recuerda síguenos en instagram: https://www.instagram.com/epicalq/

🧠 ¿Qué pasa con los nuevos Intel Core Ultra para PC? En este vídeo analizamos a fondo la nueva generación de procesadores Intel Ultra, su arquitectura, su rendimiento real en juegos y tareas profesionales, y si de verdad representan una evolución respecto a los Intel Core de toda la vida.

💥 ¿Qué trae de nuevo Meteor Lake para escritorio? ¿Qué papel juega la intelige",2025-07-06 16:00:58+00:00,,595,False,37809,1175,168,https://i.ytimg.com/vi/gLluMO__0ZA/maxresdefault.jpg,https://www.youtube.com/watch?v=gLluMO__0ZA
bi9BJNTOfrk,¿Placas de ordenador que se creen otras?,"¿Placas de ordenador que se creen otras?
¿Y tu que habrías hecho?",2025-07-02 18:41:39+00:00,,60,True,118436,2997,131,https://i.ytimg.com/vi/bi9BJNTOfrk/maxresdefault.jpg,https://www.youtube.com/watch?v=bi9BJNTOfrk
pFTrpJdHMCU,Hoy te hablamos de refrigeración líquida.,"Hoy te hablamos de refrigeración líquida.
¿Es siempre necesaria en un PC?

Te explicamos los puntos positivos y los negativos para que puedas decidir.",2025-06-29 18:52:38+00:00,,61,False,59684,3424,48,https://i.ytimg.com/vi/pFTrpJdHMCU/maxresdefault.jpg,https://www.youtube.com/watch?v=pFTrpJdHMCU
4_JD0cCFlL4,Arregla así tu Gráfica RTX de Nvidia - Drivers y DDU [+RENDIMIENTO],"Recuerda que vendemos los mejores ordenadores #gaming, al mejor precio y con componentes top, mira nuestras ofertas y modelos: https://epical-q.com/

Hoy te enseñamos como hacer una instalación limpia de drivers para solucionar posibles errores de tu tarjeta gráfica.

Para descargar DDU: https://www.guru3d.com/download/display-driver-uninstaller-download/

Si tienes cualquier duda dejanosla en comentarios.",2025-06-29 18:39:38+00:00,,841,False,36825,3223,71,https://i.ytimg.com/vi/4_JD0cCFlL4/maxresdefault.jpg,https://www.youtube.com/watch?v=4_JD0cCFlL4
OI7tqBGZYlM,Creemos que a Raúl se le está yendo un poco la cabeza...,Creemos que a Raúl se le está yendo un poco la cabeza...,2025-06-24 18:49:30+00:00,,24,True,40754,1647,15,https://i.ytimg.com/vi/OI7tqBGZYlM/maxresdefault.jpg,https://www.youtube.com/watch?v=OI7tqBGZYlM
U60oWBpRLM4,¿Qué ordenador usan los hackers?,¿Qué ordenador usan los hackers?,2025-06-22 19:05:02+00:00,,89,False,49111,3346,37,https://i.ytimg.com/vi/U60oWBpRLM4/maxresdefault.jpg,https://www.youtube.com/watch?v=U60oWBpRLM4
8hJXNTtnyGI,¿Por qué las tarjetas gráficas cada vez tienen menos HDMI y mas DisplayPort?,"¿Por qué las tarjetas gráficas cada vez tienen menos HDMI y mas DisplayPort?

Te lo contamos para la próxima ves que vayas a comprar una gráfica o un monitor",2025-06-17 18:53:49+00:00,,53,True,6187019,200732,1706,https://i.ytimg.com/vi/8hJXNTtnyGI/maxresdefault.jpg,https://www.youtube.com/watch?v=8hJXNTtnyGI
zo9MdcCG1Jk,El don secreto de los encargados de soporte,"El don secreto de los encargados de soporte.

A veces nos tenemos que convertir en verdaderos tarotistas para poder adivinar que le ocurre a un PC.",2025-06-15 19:00:47+00:00,,35,True,125803,1988,15,https://i.ytimg.com/vi/zo9MdcCG1Jk/maxresdefault.jpg,https://www.youtube.com/watch?v=zo9MdcCG1Jk
NUuUTm4pS7I,"Taller de Ordenadores, un Día Arreglando PCS - Soporte Epical-Q","Pasa un día con nosotros arreglando ordenadores en el taller. Veremos cómo tratamos diferentes equipos y los problemas que solucionamos.

Si tienes cualquier duda sobre ordenadores comenta en el vídeo.

Y recuerda, que tenemos el ordenador que necesitas, consulta ofertas y modelos en nuestra web: https://epical-q.com/",2025-06-15 17:15:19+00:00,,479,False,13753,971,17,https://i.ytimg.com/vi/NUuUTm4pS7I/maxresdefault.jpg,https://www.youtube.com/watch?v=NUuUTm4pS7I
CJvIWCx3nsw,Refrigeración Liquida VS Aire,"Siempre se habla de refrigeración liquida pero... ¿es necesario siempre?

¿Tu que eres más de refrigeración por aire o líquida en tu PC?",2025-06-10 18:35:28+00:00,,48,True,43793,1192,23,https://i.ytimg.com/vi/CJvIWCx3nsw/maxresdefault.jpg,https://www.youtube.com/watch?v=CJvIWCx3nsw
iSwnUFL-d4Q,¿Qué PC deberías comprar HOY si quieres jugar algún día a GTA6?,"¿Qué PC deberías comprar HOY si quieres jugar algún día a GTA6?

¿Y el tuyo? ¿Tiraría del juego más esperado de la década?",2025-06-08 18:43:08+00:00,,87,False,17707,761,24,https://i.ytimg.com/vi/iSwnUFL-d4Q/maxresdefault.jpg,https://www.youtube.com/watch?v=iSwnUFL-d4Q
c2AwOZqSm4k,"GUÍA de Fuentes de Alimentación para PC: Certificaciones, Potencia y +","¿No sabes que fuente de poder o alimentación elegir? Que si certificaciones gold, que si potencia, modulares... Menudo lío.

Si quieres que tu ordenador funcione bien, sin pantallazos azules y que te gráfica dure muchos años en el vídeo te explico todo lo que debes saber sobre fuentes de alimentación o de poder para montar tu ordenador.


#gamingsetup #gamingpc #epical-q #rtx5000 #diypcbuild",2025-06-08 18:03:07+00:00,,667,False,60798,2769,159,https://i.ytimg.com/vi/c2AwOZqSm4k/maxresdefault.jpg,https://www.youtube.com/watch?v=c2AwOZqSm4k
9PRvwLbepPo,La nueva Gráfica de AMD 9060XT viene a competir de tu a tu con NVIDIA.,"La nueva Gráfica de AMD 9060XT viene a competir de tu a tu con NVIDIA.

¿Que te parece esta nueva gráfica?",2025-06-03 18:43:45+00:00,,90,False,9198,341,4,https://i.ytimg.com/vi/9PRvwLbepPo/maxresdefault.jpg,https://www.youtube.com/watch?v=9PRvwLbepPo
r1ff6_sqCls,Cuidado Antes de Montar Ordenador Gaming a Piezas: INCOMPATIBILIDADES,"Si quieres montarte un ordenador tu mismo te explicamos como elegir componentes y qué cosas debes tener en cuenta para que todo salga bien y no tengas problemas de pantallazos azules, incompatibilidades y demás.

Recuerda que somos Epical-Q y hacemos ordenadores a medida, te los montamos al mejor precio y con 3 años de garantía. Mira nuestras ofertas aquí: https://epical-q.com/

#pcgaming #configuracionpc #configuracióngaming #epicalq",2025-06-01 18:17:48+00:00,,617,False,29471,2149,60,https://i.ytimg.com/vi/r1ff6_sqCls/maxresdefault.jpg,https://www.youtube.com/watch?v=r1ff6_sqCls
Ue5FaZf0nPc,Qué es un SAI para PC,"El próximo apagón no te va a pillar de sorpresa gracias a tener un SAI.

Si no sabes lo que es y porque puede salvar la vida de tu PC Mira este vídeo.

#Sai",2025-05-25 18:42:23+00:00,,60,True,12070,471,5,https://i.ytimg.com/vi/Ue5FaZf0nPc/maxresdefault.jpg,https://www.youtube.com/watch?v=Ue5FaZf0nPc
JUptVkFJPQw,Preguntas INCOMODAS A Soporte de una Empresa de PC Gaming,"¿Tienes dudas sobre tu PC Gaming o te ríes con las anécdotas más locas de soporte técnico? En este vídeo de Epical-Q respondemos a las preguntas más serias… ¡y a los trolls más ingeniosos! Descubre consejos de hardware, plataformas, montaje y atención al cliente, todo con un toque de humor.

Cubrimos los siguientes puntos clave:
00:00 – Presentación y formato: selección de preguntas serias y trolls
00:46 – Intel vs AMD: ¿qué plataforma elegir para edición y 3D?
01:59 – Almacenamiento: por qué se",2025-05-25 14:00:19+00:00,,1085,False,36262,1661,110,https://i.ytimg.com/vi/JUptVkFJPQw/maxresdefault.jpg,https://www.youtube.com/watch?v=JUptVkFJPQw
M3opEpYHtKs,Cómo configurar correctamente las luces RGB si tienes ICUE.,"Cómo configurar correctamente las luces RGB si tienes ICUE.

Gracias a ICUE podemos configurar todos los componentes para generar patrones que vayan al unísono.

Si ya lo utilizas déjanos en comentarios tu configuración.

#Icue #corsair",2025-05-20 18:47:28+00:00,,39,True,24489,650,3,https://i.ytimg.com/vi/M3opEpYHtKs/maxresdefault.jpg,https://www.youtube.com/watch?v=M3opEpYHtKs
9KNHLWRxRwg,Si tu Pc tarda mucho en arrancar puede ser por esto.,"Si tu Pc tarda mucho en arrancar puede ser por esto.

Las Aplicaciones de Inicio pueden ralentizar tu ordenador.

Con este trucazo arrancará como una bestia.",2025-05-18 18:32:48+00:00,,43,True,24077,880,5,https://i.ytimg.com/vi/9KNHLWRxRwg/maxresdefault.jpg,https://www.youtube.com/watch?v=9KNHLWRxRwg
jdi82LJpYJo,"Todo lo que NECESITAS para hacer STREAM EN 4K (PC, CAMARA, LUCES...)","¿Quieres lanzarte al mundo del streaming pero no sabes por dónde empezar? En este video de Epical-Q, te guiaré paso a paso en todo lo que necesitas para crear tu canal, elegir el equipo adecuado y crecer como streamer sin morir en el intento. 😉

Luz:
Mini panel led Elgato: https://amzn.to/43u26iC
Aro de luz neewer: https://amzn.to/3ZctCi4
Elgato Key Light: https://amzn.to/4jRaf6r
Godox 60W: https://amzn.to/3FedMN1

Vídeo:
Logitech StreamCam: https://amzn.to/3S3jzYQ
Elgato FaceCam Pro: https://am",2025-05-14 16:30:15+00:00,,711,False,12531,570,16,https://i.ytimg.com/vi/jdi82LJpYJo/maxresdefault.jpg,https://www.youtube.com/watch?v=jdi82LJpYJo
IogevIyvY7M,El precio por FPS en la nueva serie 5000 de Nvidia,"El precio por FPS en la nueva serie 5000 de Nvidia

¿Tu ya tienes la tuya? Escríbenos cual en los Comentarios",2025-05-13 18:13:29+00:00,,46,True,17063,792,19,https://i.ytimg.com/vi/IogevIyvY7M/maxresdefault.jpg,https://www.youtube.com/watch?v=IogevIyvY7M
ZwkP4z982hc,¿No sabes si un juego corre en tu PC?,"¿No sabes si un juego corre en tu PC?

Échale un ojo a este vídeo porque esta aplicación de va a ayudar cuando más lo necesitas.

Y si no te funciona el juego escríbenos y te ayudamos.",2025-05-11 19:34:01+00:00,,49,True,33035,2138,31,https://i.ytimg.com/vi/ZwkP4z982hc/maxresdefault.jpg,https://www.youtube.com/watch?v=ZwkP4z982hc
YpL6VXiYOQI,PC para jugar a todo por 1100€,"Nos encantan los chollos.

💻 RTX 5060 TI
⚡ Procesador RYZEN 7 8700F para máxima eficiencia
🧠 32 GB RAM DDR4 PREDATOR
El resultado: un equipo potente, equilibrado y listo para jugar a lo que QUIERAS

Comenta chollo y te lo mandamos.",2025-05-08 18:33:50+00:00,,19,True,19458,547,40,https://i.ytimg.com/vi/YpL6VXiYOQI/maxresdefault.jpg,https://www.youtube.com/watch?v=YpL6VXiYOQI
2Y7qDQ6119g,TOP Auriculares para Teletrabajar y Gaming en 2026,"Buscas los mejores auriculares para teletrabajar? En este video de Epical-Q, exploramos a fondo cómo elegir los auriculares perfectos para tus largas jornadas de teletrabajo, reuniones online y tambien para gaming.

Auriculares del vídeo:
New bee: https://amzn.to/3Yys9T5
Jabra Evolve 2 40: https://amzn.to/43jubJh
Jabra Evolve 2 75: https://amzn.to/433XX3l
HyperX Cloud III Wireless: https://amzn.to/43iephM (MEJOR OPCIÓN)
Logitech G PRO X 2 LIGHTSPEED: https://amzn.to/3F0RBdd


Cubrimos los siguie",2025-05-07 16:40:02+00:00,,860,False,12260,323,28,https://i.ytimg.com/vi/2Y7qDQ6119g/maxresdefault.jpg,https://www.youtube.com/watch?v=2Y7qDQ6119g
HiXY7bBd14U,¿Cómo hacer undervolt?,"🤷🏽‍♂️ ¿Qué es el UNDERVOLT? 🤷🏽‍♂️

💥 ¿¿UNDER QUÉ?? 💥

Te lo contamos. 👌🏻

#epicalq #undervolt #configuraciónpc #pcgaming",2025-05-04 18:15:11+00:00,,57,True,9657,378,7,https://i.ytimg.com/vi/HiXY7bBd14U/maxresdefault.jpg,https://www.youtube.com/watch?v=HiXY7bBd14U
VUiMbRdaFvg,Configura tu RAM,"💥 Configura tu RAM en menos de 1 minuto. ⏳

👀 IMPORTANTE 👀

🔗 Guarda este vídeo para cuando lo necesites. 🖥️

#epicalq #memoriaram #pc #pcgaming",2025-04-29 18:04:13+00:00,,45,True,10415,439,6,https://i.ytimg.com/vi/VUiMbRdaFvg/maxresdefault.jpg,https://www.youtube.com/watch?v=VUiMbRdaFvg
IO_IKkhzgHg,¿Cómo hacer un overclock?,"👀 ¿Sabes cómo hacer un overclock? 💥

👉🏼 Te lo enseñamos. ✅

#epicalq #overclock #ordenadores #pc",2025-04-27 18:35:57+00:00,,53,True,9511,361,1,https://i.ytimg.com/vi/IO_IKkhzgHg/maxresdefault.jpg,https://www.youtube.com/watch?v=IO_IKkhzgHg
Mn1WqL4L6gA,Los Mejores Ordenadores para Editar - Mac vs PC,"Te explicamos la mejor eleción para editar según tu presupuesto.

Ordenador calidad precio top para editores: https://epical-q.com/producto/epical-q-aluten-amd-ryzen-7-9700x-32gb-1tb-ssd-nvme-rtx-5070/

Como vemos lo más importante para filmmakers que vayan a editar vídeo en 4k es sobre todo la RAM y el procesador.

Recomendamos lo siguiente:
Procesador 7900X o superior
64 GB de RAM
Dos discuos duros M2 (uno para el sistema y otro para archivos)

¿Tienes alguna duda? Te leemos en comentarios.",2025-04-24 19:39:13+00:00,,548,False,18523,564,49,https://i.ytimg.com/vi/Mn1WqL4L6gA/maxresdefault.jpg,https://www.youtube.com/watch?v=Mn1WqL4L6gA
pEqDHcbscBo,¿PC premontado o a piezas?,"👀 Este es el consejo que te hubiera gustado saber antes de gastarte una pasta en tu ordenador. 🖥️ 

💥 Qué es mejor,  ¿un pc ya montado o a piezas ? 🤔

👉🏼 Ya sabes dónde está la respuesta. 📹

Tu bolsillo lo va a agradecer. 💶

#pcapiezas #pc #pcgaming #epicalq",2025-04-22 19:04:46+00:00,,43,True,14980,608,14,https://i.ytimg.com/vi/pEqDHcbscBo/maxresdefault.jpg,https://www.youtube.com/watch?v=pEqDHcbscBo
x-SRkm2o8AY,La solución a los pantallazos azules,"⚠️ Cuidado ⚠️

❌🖥️ No te cargues tu ordenador por los dichosos pantallazos azules... 🟦

👉🏼 Te damos la solución.  📹

#pantallazosazules #pc #epicalq",2025-04-20 19:03:07+00:00,,41,True,13973,1002,11,https://i.ytimg.com/vi/x-SRkm2o8AY/maxresdefault.jpg,https://www.youtube.com/watch?v=x-SRkm2o8AY
Fj1h8Hzic74,Seguro que esto te pasa con tu PC,"👴🏼⏳ Si te pasa esto mientras que tu PC arranca.... 🖥️

👀 Te interesa este truco para que tu ordenador encienda más rápido. ⚡

#epicalq #arrancarpc #pc #pcgaming",2025-04-15 19:09:00+00:00,,60,True,8361,457,7,https://i.ytimg.com/vi/Fj1h8Hzic74/maxresdefault.jpg,https://www.youtube.com/watch?v=Fj1h8Hzic74
quZ8JJsbAUQ,"👨🏻‍💻 Los mejores Monitores para Diseñadores, Editores y Creadores de Contenido","Pantallas para Diseñadores: Descubre cómo elegir el monitor perfecto para diseño gráfico, web, fotografía y video.

En esta comparativa analizamos paneles VA, IPS, OLED y TN, resoluciones 1080p, 1440p, 4K y 5K, y precisión del color (sRGB, Adobe RGB, DCI-P3) con monitores ASUS ProArt, BenQ DesignVue, LG UltraFine y Apple Studio Display.

0:00 Introducción: Importancia del monitor para creativos
1:30 Tamaño y resolución recomendados para diseño
3:15 Fidelidad de color: Perfiles sRGB, Adobe RGB, D",2025-04-13 21:57:22+00:00,,704,False,65037,1842,98,https://i.ytimg.com/vi/quZ8JJsbAUQ/maxresdefault.jpg,https://www.youtube.com/watch?v=quZ8JJsbAUQ
4ggMBxNraKk,¿Qué VRAM necesita tu pc?,"💥 Sal de dudas de una vez por todas. 💥

🖥️ ¿Cuál es la VRAM que necesita tu ordenador? 🖥️

👉🏼 Te lo explicamos en este vídeo. ✅

#epicalq #vram #pc #pcgaming",2025-04-13 19:03:19+00:00,,36,True,13996,633,20,https://i.ytimg.com/vi/4ggMBxNraKk/maxresdefault.jpg,https://www.youtube.com/watch?v=4ggMBxNraKk
M77h9rr3Bfg,Cómo pasarte archivos por AirDrop a cualquier ordenador,"😱 Hasta Bob Esponja conoce este truco. 🧽

Sí, tu también deberías saberlo... 💥

👀 Dentro vídeo. 👀

#epicalq #airdrop #transferirarchivos #pcgaming #pc",2025-04-08 18:35:20+00:00,,44,True,4966,146,1,https://i.ytimg.com/vi/M77h9rr3Bfg/maxresdefault.jpg,https://www.youtube.com/watch?v=M77h9rr3Bfg
94grQU-Qy5I,Consejo para Discord en tu PC,"¿Problemas con Discord en tu PC? 👾

Quizá se deba a que está usando los recursos de tu gráfica. 🖥️💀

Te explicamos cómo solucionarlo. ✅

#epicalq #discord #gráficapc",2025-04-06 19:04:33+00:00,,32,True,5853,345,2,https://i.ytimg.com/vi/94grQU-Qy5I/maxresdefault.jpg,https://www.youtube.com/watch?v=94grQU-Qy5I
NTuTq8Fe1rU,"Todo sobre la 5060 TI y 5060 - Lo cambia todo, o no...","📢 RTX 5060 Ti y RTX 5060: todos los rumores y filtraciones sobre las nuevas tarjetas gráficas NVIDIA de gama media. Te cuento las últimas noticias sobre especificaciones, rendimiento y fecha de lanzamiento de estas esperadas GPU para gaming.

En este análisis completo descubrirás por qué NVIDIA ha retrasado el lanzamiento hasta seguramente después de verano, las diferencias entre los modelos de 12GB y 16GB, y si realmente vale la pena esperar por estas tarjetas.


La RTX 5060 Ti utilizará el chi",2025-04-03 18:29:19+00:00,,588,False,3413,116,14,https://i.ytimg.com/vi/NTuTq8Fe1rU/maxresdefault.jpg,https://www.youtube.com/watch?v=NTuTq8Fe1rU
GmGx8ZVat8g,La solución a tus problemas con la RAM,"🖥️ En Epical-Q tenemos un lema: 

❌ A problemas soluciones. ✅

Si tu memoria RAM está fallando…. 👀

👉🏼 Mira este vídeo. 😉

#epicalq #memoriaRAM #ediciónpc",2025-04-01 19:14:23+00:00,,20,True,9324,286,2,https://i.ytimg.com/vi/GmGx8ZVat8g/maxresdefault.jpg,https://www.youtube.com/watch?v=GmGx8ZVat8g
5_ORqGOCBSs,Ordenador más lento que el caballo del malo,"😫 Si tu ordenador va lento, pero TAN lento que te dan ganas de cambiarlo... 💀 🖥️

👀 Tenemos la solución para ti. 💥

👇🏼 Comenta edición y te mandamos el enlace. 🔗

#epicalq #4k #ediciónpc",2025-03-30 18:05:57+00:00,,43,True,6515,217,10,https://i.ytimg.com/vi/5_ORqGOCBSs/maxresdefault.jpg,https://www.youtube.com/watch?v=5_ORqGOCBSs
CxPrLblveuU,Optimización AMD,"💥 Si tienes un procesador y una gráfica AMD esto te interesa. 💥

👉🏼 ¿Conoces el ajuste SAM? 🖥️

Guárdate este vídeo para cuando tengas que configurarlo. ✅

#SAM #gráficapc #AMD #epicalq",2025-03-25 20:04:50+00:00,,56,True,7070,665,2,https://i.ytimg.com/vi/CxPrLblveuU/maxresdefault.jpg,https://www.youtube.com/watch?v=CxPrLblveuU
vx3tm3Bma7o,Por esto los puertos USB tienen colores,"😲 ¿Kheeee? 😲

¿Los puertos USB tienen colores? 👀

¿Sabes qué significa cada color? 🔵 ⚫ 🔴 🟠

🎥 Te lo contamos en el vídeo. 

#epicalq #puertousb #gaming",2025-03-23 19:27:37+00:00,,59,True,54840,2475,35,https://i.ytimg.com/vi/vx3tm3Bma7o/maxresdefault.jpg,https://www.youtube.com/watch?v=vx3tm3Bma7o
T63afU5E3gg,Tu ordenador está lleno de suciedad | Te enseñamos cómo limpiar tu PC de forma rápida y eficaz,"Te contamos la forma correcta de limpiar tu ordenador y no morir en el intento. 
Veremos toda la suciedad que se acumula en la torre de tu pc y cómo deshacerte de ella con estos sencillos trucos. 
Es importante realizar una limpieza de vez en cuando para que tu ordenador mantenga la temperatura y su rendimiento sea el adecuado. 
¿Tienes alguna duda? Te leemos en comentarios. 

Índice
00:00 Intro 
01:01 Cada cuánto tiempo hay que limpiar el ordenador
01:36 Cuándo cambiar la pasta térmica de un PC",2025-03-21 12:32:00+00:00,,1016,False,66332,3695,158,https://i.ytimg.com/vi/T63afU5E3gg/maxresdefault.jpg,https://www.youtube.com/watch?v=T63afU5E3gg
rdX1TanmXsE,Recomendaciones por 1.500€,"💥 ¿¿Procesador gaming EN 4K para jugar y editar por 1.500€?? 🖥️

Sí, has leído bien. 👀 

Guárdate este vídeo porque lo vas a necesitar. ✅

#serie5000 #5070TI #gaming #epicalq",2025-03-18 19:04:57+00:00,,38,True,4577,315,13,https://i.ytimg.com/vi/rdX1TanmXsE/maxresdefault.jpg,https://www.youtube.com/watch?v=rdX1TanmXsE
EK6-eOAskUk,4 ajustes con AMD para mejorar tu ordenador,"💸 Este contenido es G-R-A-T-I-S 💸

👀 Apunta estos 4 consejos para tu PC porque los vas a necesitar. ✏️

#EpicalQ #pcgaming #gráficapc #gamers #pc #gaming #nvidia #AMD",2025-03-16 19:33:36+00:00,,52,True,22770,1946,23,https://i.ytimg.com/vi/EK6-eOAskUk/maxresdefault.jpg,https://www.youtube.com/watch?v=EK6-eOAskUk
NQbPgyKCtW8,¿Qué hacer cuando tu PC no ENCIENDE? | Arregla tu PC de forma Sencilla,"Si tu ordenador se ha estropeado en alguna ocasión y no tienes ni idea, pero remota idea de lo que le ocurre, estás de suerte porque en este vídeo te vamos a dar una guía con diferentes soluciones para los problemas mas típicos de tu pc. 

Recuerda que puedes encontrarnos en: https://epical-q.com/ 

Para más dudas te leemos en comentarios. 

Índice
00:00 Intro
00:31 ¿Qué hacer cuando tu ordenador no arranca?
00:58 ¿Como resetear tu BIOS?
01:59 ¿Puerto PCI?
02:37 ¿Cómo retirar la batería de un PC",2025-03-13 15:23:04+00:00,,701,False,7752,278,15,https://i.ytimg.com/vi/NQbPgyKCtW8/maxresdefault.jpg,https://www.youtube.com/watch?v=NQbPgyKCtW8
EiPRzv_NDVU,Nueva gráfica 9070XT,"💥 Esto sí que es un petardazo 💥

😱 La nueva gráfica 9070XT ya está aquí. 🖥️

¿Merece la pena? Te contamos eso y todas sus características en el vídeo. 📹

#EpicalQ #pcgaming #9070TXT #9070 #gráficapc #gamers #pc #gaming #nvidia",2025-03-11 20:03:53+00:00,,56,True,6316,381,36,https://i.ytimg.com/vi/EiPRzv_NDVU/maxresdefault.jpg,https://www.youtube.com/watch?v=EiPRzv_NDVU
zfxnCoRIcEU,trucazo para optimizar tu pc,"Trucazo para optimizar tu pc 💻👀

Guarda el vídeo para cuando tu ordenador te dé problemas. 😵‍💫

#Epicalq #informática #ordenadores #pc #optimización",2025-03-09 19:03:26+00:00,,17,True,9191,664,6,https://i.ytimg.com/vi/zfxnCoRIcEU/maxresdefault.jpg,https://www.youtube.com/watch?v=zfxnCoRIcEU
ZWtmG1S3IEU,"PC Profesional con 192gb de RAM, RTX5090 y plataforma TRX50 | Montaje Threadripper","¿Sabes que uso se le da a un ordenador de +10.000 euros y cómo se monta?

En el vídeo de hoy te explicamos una build especial para un cliente, con la nueva 5090, una pedazo de bestia para darle mucha caña.

Ya sabes que montamos el ordenador que necesites y tenemos en stock toda la nueva gama de nvidia, desde la 5070, 5070ti, 5080 y 5090.

Puedes encontrar nuestras ofertas en la web: https://epical-q.com/

Cualquier duda déjanoslo en comentarios.

Índice
00:00 Intro
00:37 Uso que le vas a dar al",2025-03-06 18:13:40+00:00,"pc profesional, threadripper, trx50, epyc, nueva 5090, rtx5090., rtx5090, ordenador gaming, gaming, montaje, build profesional",518,False,8359,424,20,https://i.ytimg.com/vi/ZWtmG1S3IEU/maxresdefault.jpg,https://www.youtube.com/watch?v=ZWtmG1S3IEU
_NubQYcee7Q,¿Qué hacer si no funciona tu ordenador?,"🖥️ ¿Estás desesperado porque tu ordenador te lleva de cabeza? 🤯

🚨 ESPERA 🚨 no te deshagas de él, quizá tienes un virus y no lo sabes. 👾 

Aquí va la solución. ✅ Dentro vídeo. 🎬

#Epicalq #virus #informática #ordenadores #pc #malware",2025-03-04 19:05:28+00:00,,28,True,50559,4812,60,https://i.ytimg.com/vi/_NubQYcee7Q/maxresdefault.jpg,https://www.youtube.com/watch?v=_NubQYcee7Q
FZzxRhMUXaU,¿Qué ordenador me compro? Tipos de ordenadores según tu presupuesto 🤑 | Guía PC 2025 🖥️,"Para todos los presupuestos, desde 600€ hasta precios como 2.000€. 

Lo más IMPORTANTE, tener en cuenta el uso que le vas a dar a tu pc. 

Recuerda que somos Epical-Q y tenemos ordenadores para todos los presupuestos. 

Dinos en comentarios con cuál te quedas. 

Índice
00:00 Intro
00:17 Guía completa de compra
00:58 Opciones hasta 600€
02:17 Opciones hasta 1.000€
03:55 Opciones hasta 1.500€
04:36 Opciones hasta 2.000€
05:52 Opciones de más de 2.000€
06:22 conclusiones
07:02 cierre

Link menos de",2025-02-27 18:02:00+00:00,,458,False,21630,775,47,https://i.ytimg.com/vi/FZzxRhMUXaU/maxresdefault.jpg,https://www.youtube.com/watch?v=FZzxRhMUXaU
ggEELrxo5oI,Cuanta Memoria RAM necesitas en tu PC,"Cuanta Memoria RAM necesitas en tu PC en función del uso que vayas a darle.

La eterna pregunta, te la respondemos desde nuestra experiencia hablando día a día con personas como tú que tienen la misma duda.

Y tú ¿cuanta RAM le has puesto a tu PC?

#pcgaming #gaming",2025-02-25 19:18:09+00:00,,53,True,4955,405,11,https://i.ytimg.com/vi/ggEELrxo5oI/maxresdefault.jpg,https://www.youtube.com/watch?v=ggEELrxo5oI
UimIzfYkOgI,Qué está pasando con las 5090 Founder Edition,"¡Alerta máxima! 🔥

Descubre en este momento lo que realmente está pasando con las 5090 Founder Edition. 👀

¡Comparte con todos tus amigos gamers! 🎮

#EpicalQ #pcgaming #5090founderedition #5090 #gamers #pc #gaming",2025-02-23 19:14:59+00:00,,86,False,18686,1640,26,https://i.ytimg.com/vi/UimIzfYkOgI/maxresdefault.jpg,https://www.youtube.com/watch?v=UimIzfYkOgI
2U644UtW49w,Cuánta y qué RAM Necesitas para Jugar o Editar en 2026 👾 | Todo sobre memorias RAM,"Te contamos cuanta RAM necesitas según el uso que le des a tu ordenador.

Desde ofímatica, pasando por gaming a 1080, gaming 2k, edición de vídeo y uso profesional.

Veremos las frecuencias, latencias, modos de poner las memorias y muchas más cosas.

Recuerda que somos Epical-Q y montamos el ordenador que necesites, con prespupuestos y modelos para todos los precios.

Descubre nuestros chollos y ofertas en las nuevas RTX 5000: https://epical-q.com/

¿Tienes alguna duda sobre cuanta RAM usar? Com",2025-02-20 19:42:17+00:00,,538,False,29464,1167,106,https://i.ytimg.com/vi/2U644UtW49w/maxresdefault.jpg,https://www.youtube.com/watch?v=2U644UtW49w
wrZo_r79WJM,Enviar archivos de forma gratuita,"La mejor forma de enviar archivos de forma segura y sobre todo, GRATUITA 💸 en este vídeo. 📹

¿Cuántas veces te ha pasado esto? ❌

Guarda esta publicación porque te va a hacer falta. 📎

#EpicalQ #pcgaming #archivos #transfer #infomaniak #pc",2025-02-18 19:17:47+00:00,,40,True,1968,135,2,https://i.ytimg.com/vi/wrZo_r79WJM/maxresdefault.jpg,https://www.youtube.com/watch?v=wrZo_r79WJM
XXLh1k4rV40,HDMI o display,"¿HDMI o display? 👀 Si sigues leyendo esta frase, sin duda este vídeo es para ti. 📹

Lo que para algunos puede ser bastante básico es fundamental para marcar la diferencia cuando estás construyendo la configuración de tu PC para videojuegos. 👾

Así que dale a guardar vídeo porque seguro que lo vas a necesitar en cualquier momento. 🗳️

#EpicalQ #pcgaming #hdmi #display #gaming #pc",2025-02-16 19:13:33+00:00,,45,True,2273,141,3,https://i.ytimg.com/vi/XXLh1k4rV40/maxresdefault.jpg,https://www.youtube.com/watch?v=XXLh1k4rV40
CrMG4QTBWKE,¿Optimizar tu PC para acelerar su funcionamiento? 🖥️,"¿Optimizar tu PC para acelerar su funcionamiento? 🖥️ Ahora es posible con estos 3 sencillos tips.  

Quédate a ver el vídeo entero y descubre el último truco, que es el más sencillo de todos. 🤯

Si te gusta este tipo de contenido comenta abajo con este emoji 🎮, te leemos!

#EpicalQ #pcgaming #Gaming #optimizacionpc",2025-02-11 19:05:24+00:00,,51,True,5264,587,2,https://i.ytimg.com/vi/CrMG4QTBWKE/maxresdefault.jpg,https://www.youtube.com/watch?v=CrMG4QTBWKE
gzSbUtjLE00,Cuando gastas todo tu presupuesto en la nueva RTX 5080,"Aunque este mes lo pases cocinando agua en la sartén. 💸  ¡Corre a comprarla! 🎛️

La nueva RTX 5080 está de locos. 🔥

Perfecta para jugar en 4K, crear contenido y sacar el máximo partido a su tecnología en ia. 🖥️

Comenta con este emoji 🍳 si quieres parte 2 con unboxing. 

#TarjetaGráfica #PCGaming #Gaming #RTX5080",2025-02-09 19:33:22+00:00,,19,True,7491,431,13,https://i.ytimg.com/vi/gzSbUtjLE00/maxresdefault.jpg,https://www.youtube.com/watch?v=gzSbUtjLE00
2ab9DcEbt2k,OpenAi Vs DeepSeek,"El valor de Nvidia ha caído debido a DeepSeek.

Te explicamos el motivo y si de verdad es tan interesante como plantean.

#Pc #Nvidia #deepseek",2025-02-02 19:11:02+00:00,,55,True,5913,227,2,https://i.ytimg.com/vi/2ab9DcEbt2k/maxresdefault.jpg,https://www.youtube.com/watch?v=2ab9DcEbt2k
wk9xRukj8Wk,"¡Las Founder Edition, el “Santo Grial” de las tarjetas gráficas! ⚔️✨","¡Las Founder Edition, el “Santo Grial” de las tarjetas gráficas! ⚔️✨

Fabricadas directamente por NVIDIA ⚡️
Estas tarjetas de referencia son las primeras en salir al mercado y se agotan a toda velocidad. ⚡️⏱️

¿Te comprarías una Founder Edition si tuvieras la oportunidad o prefieres otros ensambladores como ASUS, ZOTAC o MSI? 🤔🔥

#NVIDIA #FounderEdition #TarjetaGráfica #PCGaming #Gaming #PCMasterRace",2025-01-28 19:32:54+00:00,,60,True,77910,4555,76,https://i.ytimg.com/vi/wk9xRukj8Wk/maxresdefault.jpg,https://www.youtube.com/watch?v=wk9xRukj8Wk
Z023y-0P5xc,¡Te cuento una anécdota curiosa! 🧐,"¡Te cuento una anécdota curiosa! 🧐

Un cliente nos llamó asustadísimo porque su ordenador “no encendía” ⚠️ 
Lo revisamos, lo probamos, y… ¡encendía y se apagaba sin problema! 🤷‍♂️

Al final descubrimos que el culpable era un soporte para cascos conectado por USB, 
que provocaba un cortocircuito ⚡

Moraleja: mejor no gastes ni un euro en soportes para cascos
Tu PC (y tu bolsillo) te lo agradecerán ✅💰

#EpicalQ #MontajePC #pcgaming",2025-01-26 19:04:10+00:00,,53,True,249483,10651,116,https://i.ytimg.com/vi/Z023y-0P5xc/maxresdefault.jpg,https://www.youtube.com/watch?v=Z023y-0P5xc
VXjoj8JCTf8,Te explico el DSSL en Castellano Antiguo,"Te explico el DSSL en Castellano Antiguo... ⚔️

Es decir, para que lo entienda cualquiera. ⚜️

¿Y ti te gustan estos frames por IA o eres de la vieja escuela como yo que quiere cosas más reales? 🤔

A este paso dentro de poco, jugamos a juegos que ni existen.... 🎮

#DSSL #RTX5000 #NVIDIA #DSSL4 #GAMING #5070 ⚡",2025-01-21 19:31:04+00:00,,60,True,674104,27506,461,https://i.ytimg.com/vi/VXjoj8JCTf8/maxresdefault.jpg,https://www.youtube.com/watch?v=VXjoj8JCTf8
XR1FZI2RT3Q,Nvidia 5070 Vs 4090,,2025-01-19 19:40:36+00:00,,61,False,1183393,45810,1305,https://i.ytimg.com/vi/XR1FZI2RT3Q/maxresdefault.jpg,https://www.youtube.com/watch?v=XR1FZI2RT3Q
2CiCPV7tQtI,¿Se te calienta el ordenador?,,2025-01-14 19:33:38+00:00,,44,True,22897,1449,12,https://i.ytimg.com/vi/2CiCPV7tQtI/maxresdefault.jpg,https://www.youtube.com/watch?v=2CiCPV7tQtI
NrqbuBGpsPI,8 de enero de 2025,,2025-01-08 20:02:00+00:00,,61,False,69738,5322,73,https://i.ytimg.com/vi/NrqbuBGpsPI/maxresdefault.jpg,https://www.youtube.com/watch?v=NrqbuBGpsPI
mrZojKKDxlI,Nos retaron a crear esta máquina,,2025-01-03 12:34:00+00:00,,37,True,51601,2453,84,https://i.ytimg.com/vi/mrZojKKDxlI/maxresdefault.jpg,https://www.youtube.com/watch?v=mrZojKKDxlI
-0NByeN09OY,El Trucazo para ocultar una carpeta que no quieren que sepas,,2024-12-30 19:24:45+00:00,,49,True,4690,333,5,https://i.ytimg.com/vi/-0NByeN09OY/maxresdefault.jpg,https://www.youtube.com/watch?v=-0NByeN09OY
sTCKUiKQNJA,4090 VS ADA 6000,,2024-12-26 19:56:16+00:00,,60,True,187420,10634,161,https://i.ytimg.com/vi/sTCKUiKQNJA/maxresdefault.jpg,https://www.youtube.com/watch?v=sTCKUiKQNJA
IvP_ncRDVVE,Montamos un PC de 12.000€,,2024-12-22 19:28:39+00:00,,48,True,339024,19669,376,https://i.ytimg.com/vi/IvP_ncRDVVE/maxresdefault.jpg,https://www.youtube.com/watch?v=IvP_ncRDVVE
cYefKZ8I2uw,3 Claves para elegir un PC para Editar,,2024-12-17 21:52:33+00:00,,60,True,59245,4123,50,https://i.ytimg.com/vi/cYefKZ8I2uw/maxresdefault.jpg,https://www.youtube.com/watch?v=cYefKZ8I2uw
6oWydz7Utgs,Que Pantalla Gaming Elegir,"¿Pantalla gaming o pantalla de edición? 🤔🎮🎨

🎮 Pantalla gaming: ¡Más fluidez, más velocidad y gráficos de locura! Ideal para que esos FPS no te fallen en pleno juego.
🎨 Pantalla de edición: Colores precisos y una resolución top para los que necesitan ver cada detalle al milímetro.

💡 Pero ojo, no es solo por el nombre, cada una tiene su magia según lo que busques. ¿Tú cuál prefieres?

- PA279CV

- Asus TUF Gaming VG289Q1A 28""

👉 Si te quieres asesorar, ya sabes dónde estamos. 😉",2024-12-12 20:04:21+00:00,,60,True,117811,7072,88,https://i.ytimg.com/vi/6oWydz7Utgs/maxresdefault.jpg,https://www.youtube.com/watch?v=6oWydz7Utgs
ng2Kh-C9N1I,Regalos para tele trabajadores,,2024-12-10 19:36:56+00:00,,59,True,6366,332,3,https://i.ytimg.com/vi/ng2Kh-C9N1I/maxresdefault.jpg,https://www.youtube.com/watch?v=ng2Kh-C9N1I
AhbsUDAZYbs,El setup de tu compi: ‘NASA style.’ 🚀,,2024-12-05 19:38:49+00:00,,27,True,6817,280,3,https://i.ytimg.com/vi/AhbsUDAZYbs/maxresdefault.jpg,https://www.youtube.com/watch?v=AhbsUDAZYbs
NYtSb6FIYc0,Terrible Accidente Gaming,,2024-12-03 19:07:16+00:00,,19,True,12165,233,3,https://i.ytimg.com/vi/NYtSb6FIYc0/maxresdefault.jpg,https://www.youtube.com/watch?v=NYtSb6FIYc0
kLRBoYz-bYQ,Regalos Gaming para esta Navidad,,2024-11-28 19:00:30+00:00,,54,True,6086,287,11,https://i.ytimg.com/vi/kLRBoYz-bYQ/maxresdefault.jpg,https://www.youtube.com/watch?v=kLRBoYz-bYQ
iUA41z-xQ9Y,Black Friday y… ¿quién es el TOP 1?,,2024-11-26 19:58:56+00:00,,38,True,5765,204,4,https://i.ytimg.com/vi/iUA41z-xQ9Y/maxresdefault.jpg,https://www.youtube.com/watch?v=iUA41z-xQ9Y
JBo37zy6SZM,La reparación más cara que hemos hecho,,2024-11-21 20:06:45+00:00,,61,False,569144,44755,252,https://i.ytimg.com/vi/JBo37zy6SZM/maxresdefault.jpg,https://www.youtube.com/watch?v=JBo37zy6SZM
EfadddDgNOI,Refrigeración en PCs Gaming,,2024-11-19 20:03:13+00:00,,61,False,263503,14388,95,https://i.ytimg.com/vi/EfadddDgNOI/maxresdefault.jpg,https://www.youtube.com/watch?v=EfadddDgNOI
E1aWLFQ2qpM,Un PC IDESTRUCTIBLE,,2024-11-14 20:43:08+00:00,,53,True,10971,603,11,https://i.ytimg.com/vi/E1aWLFQ2qpM/maxresdefault.jpg,https://www.youtube.com/watch?v=E1aWLFQ2qpM
1Fqf8LRZIUw,El PC más caro que hemos construido 26000€,,2024-11-12 20:14:01+00:00,,60,True,1115869,60567,802,https://i.ytimg.com/vi/1Fqf8LRZIUw/maxresdefault.jpg,https://www.youtube.com/watch?v=1Fqf8LRZIUw
3sC9SjbiFmM,PC gaming mejor que PS5 Pro,,2024-11-07 19:12:41+00:00,,40,True,52438,2170,150,https://i.ytimg.com/vi/3sC9SjbiFmM/maxresdefault.jpg,https://www.youtube.com/watch?v=3sC9SjbiFmM
LWhXAchCTM0,Visitando Instalaciones Empresa Gaming,,2024-11-05 19:43:21+00:00,,59,True,20776,987,14,https://i.ytimg.com/vi/LWhXAchCTM0/maxresdefault.jpg,https://www.youtube.com/watch?v=LWhXAchCTM0
eeGXP7Zv47Q,3 ordenadores para este Halloween,,2024-10-31 19:44:54+00:00,,60,True,3987,239,0,https://i.ytimg.com/vi/eeGXP7Zv47Q/maxresdefault.jpg,https://www.youtube.com/watch?v=eeGXP7Zv47Q
QqKcyqrs60Y,Nos Roban Los PCs,,2024-10-29 19:41:24+00:00,,46,True,8050,178,1,https://i.ytimg.com/vi/QqKcyqrs60Y/maxresdefault.jpg,https://www.youtube.com/watch?v=QqKcyqrs60Y
QiYJLXXzIdw,Anécdotas de soporte técnico parte 2,,2024-10-24 19:26:37+00:00,,60,True,960329,62168,467,https://i.ytimg.com/vi/QiYJLXXzIdw/maxresdefault.jpg,https://www.youtube.com/watch?v=QiYJLXXzIdw
hdhu1IxUnx8,WORKSTATION vs PC GAMING,,2024-10-22 16:54:16+00:00,,47,True,1056987,51760,1060,https://i.ytimg.com/vi/hdhu1IxUnx8/maxresdefault.jpg,https://www.youtube.com/watch?v=hdhu1IxUnx8
Le5Ij9mrEUE,Anécdota servicio técnico gaming,,2024-10-17 18:31:12+00:00,,58,True,12753,685,7,https://i.ytimg.com/vi/Le5Ij9mrEUE/maxresdefault.jpg,https://www.youtube.com/watch?v=Le5Ij9mrEUE
93tU5miNyis,Otro que viene buscando algo como la PS5 Pro y se vuelve calentito,,2024-10-15 19:22:33+00:00,,54,True,5942,268,14,https://i.ytimg.com/vi/93tU5miNyis/maxresdefault.jpg,https://www.youtube.com/watch?v=93tU5miNyis
xnPo83OLTDY,Minimiza las ventanas de Windows en menos de 1 milisegundo,,2024-10-13 18:14:26+00:00,,20,True,32091,1562,35,https://i.ytimg.com/vi/xnPo83OLTDY/maxresdefault.jpg,https://www.youtube.com/watch?v=xnPo83OLTDY
zIAEnc7z6OU,Truco para programar el apagado en Windows,,2024-10-10 19:38:27+00:00,,40,True,6253,340,3,https://i.ytimg.com/vi/zIAEnc7z6OU/maxresdefault.jpg,https://www.youtube.com/watch?v=zIAEnc7z6OU
gQrXWXftWj0,Truco para mejorar tus juegos,,2024-10-03 20:05:26+00:00,,29,True,6925,504,4,https://i.ytimg.com/vi/gQrXWXftWj0/maxresdefault.jpg,https://www.youtube.com/watch?v=gQrXWXftWj0
4oVQVsnRHkk,1 de octubre de 2024,,2024-10-01 17:09:17+00:00,,42,True,4647,245,7,https://i.ytimg.com/vi/4oVQVsnRHkk/maxresdefault.jpg,https://www.youtube.com/watch?v=4oVQVsnRHkk
eFvS3XQBbp8,Ordena los cables de tu ordenador de forma fácil,,2024-09-26 18:31:43+00:00,,15,True,44053,1848,13,https://i.ytimg.com/vi/eFvS3XQBbp8/maxresdefault.jpg,https://www.youtube.com/watch?v=eFvS3XQBbp8
4dSzTZUofOk,Consejos para reducir el LAG cuando Juegues,,2024-09-24 18:52:32+00:00,,43,True,5031,199,4,https://i.ytimg.com/vi/4dSzTZUofOk/maxresdefault.jpg,https://www.youtube.com/watch?v=4dSzTZUofOk
AqgkagWefjc,¿Qué componentes elegir si soy editor?,,2024-09-19 18:31:10+00:00,,32,True,9935,403,19,https://i.ytimg.com/vi/AqgkagWefjc/maxresdefault.jpg,https://www.youtube.com/watch?v=AqgkagWefjc
yJKSzonUnP8,El mejor PC para la vuelta al cole,,2024-09-17 17:58:56+00:00,,60,True,3449,141,10,https://i.ytimg.com/vi/yJKSzonUnP8/maxresdefault.jpg,https://www.youtube.com/watch?v=yJKSzonUnP8
RmLJ_G51jB4,Las 5 cajas de PC más caras del mercado,,2024-09-12 19:42:52+00:00,,61,False,7070,320,7,https://i.ytimg.com/vi/RmLJ_G51jB4/maxresdefault.jpg,https://www.youtube.com/watch?v=RmLJ_G51jB4
-Yy83PXdarU,10 de septiembre de 2024,,2024-09-10 17:07:45+00:00,,61,False,2771,149,6,https://i.ytimg.com/vi/-Yy83PXdarU/maxresdefault.jpg,https://www.youtube.com/watch?v=-Yy83PXdarU
TCONQNVhptQ,¿PC Negro o Pc Blanco?pcgaming #whitepc #gaming,,2024-09-05 18:56:01+00:00,,40,True,23558,1867,51,https://i.ytimg.com/vi/TCONQNVhptQ/maxresdefault.jpg,https://www.youtube.com/watch?v=TCONQNVhptQ
yGRJ5CXDUAM,3 de septiembre de 2024,,2024-09-03 19:35:24+00:00,,60,True,2550,87,4,https://i.ytimg.com/vi/yGRJ5CXDUAM/maxresdefault.jpg,https://www.youtube.com/watch?v=yGRJ5CXDUAM
gN9bTYo4AqI,Comparativa procesadores Intel y AMD ¿Cuál hacemos después?,,2024-08-29 19:20:09+00:00,,18,True,22429,1405,57,https://i.ytimg.com/vi/gN9bTYo4AqI/maxresdefault.jpg,https://www.youtube.com/watch?v=gN9bTYo4AqI
w3NdfiFepfE,Nos quedamos sin ir a ligar…Estaba delicioso igualmente 😋#pcgaming #gaminglife #computertips #4090,,2024-08-27 19:35:55+00:00,,10,True,15984,525,4,https://i.ytimg.com/vi/w3NdfiFepfE/maxresdefault.jpg,https://www.youtube.com/watch?v=w3NdfiFepfE
iY8aE82ItFo,#PC VS #macbook ¿Con cuál te quedas?,,2024-08-22 17:52:30+00:00,,51,True,17772,975,30,https://i.ytimg.com/vi/iY8aE82ItFo/maxresdefault.jpg,https://www.youtube.com/watch?v=iY8aE82ItFo
X0cGX1sf1y0,Las GRÁFICAS de AliExpress que nunca te recomendaríamos ❌,,2024-08-20 14:20:04+00:00,,59,True,3250,109,8,https://i.ytimg.com/vi/X0cGX1sf1y0/maxresdefault.jpg,https://www.youtube.com/watch?v=X0cGX1sf1y0
Sli4ji49xdU,Nueva serie 5000 de NVIDIA para 2025,,2024-08-16 12:38:33+00:00,,34,True,83820,2353,161,https://i.ytimg.com/vi/Sli4ji49xdU/maxresdefault.jpg,https://www.youtube.com/watch?v=Sli4ji49xdU
h-JN-9WP2jQ,"Esta vez no salió tan bien la zancadilla, vamos a dejar de hacerla…",,2024-08-14 17:33:44+00:00,,13,True,13699,314,3,https://i.ytimg.com/vi/h-JN-9WP2jQ/maxresdefault.jpg,https://www.youtube.com/watch?v=h-JN-9WP2jQ
rlNcJtjOpMs,Preparando PCs Gaming en la Fábrica,,2024-08-13 14:11:55+00:00,,33,True,8659,497,7,https://i.ytimg.com/vi/rlNcJtjOpMs/maxresdefault.jpg,https://www.youtube.com/watch?v=rlNcJtjOpMs
khRR1dzt940,Hablemos de Gráficas.Te dejamos una comparación por FPS,,2024-08-09 11:32:39+00:00,,43,True,16821,1017,35,https://i.ytimg.com/vi/khRR1dzt940/maxresdefault.jpg,https://www.youtube.com/watch?v=khRR1dzt940
PgE7NKlx1Ns,Mejora los FPS en tus juegos de forma sencilla #fps #pcgaming #Windows11 #subirfps,,2024-08-07 18:30:22+00:00,,45,True,2248,133,2,https://i.ytimg.com/vi/PgE7NKlx1Ns/maxresdefault.jpg,https://www.youtube.com/watch?v=PgE7NKlx1Ns
jHt4-iybs7U,EL BECARIO echa a perder una 4090 de más de 2000€ 👌,,2024-07-23 15:05:41+00:00,,33,True,2608,83,6,https://i.ytimg.com/vi/jHt4-iybs7U/maxresdefault.jpg,https://www.youtube.com/watch?v=jHt4-iybs7U
